,network_path,image_id,original_label,tmp_path,epsilon_value,smallest_sat_value,total_time,verifier
0,/gpfs/work2/0/prjs1681/models/testing/mnist-net_256x4.onnx,0,7,/gpfs/home2/jvrijn/code/hiwi_code/henba1_VERONA/VERONA/src/ada_verona/robustness_experiment_box/experiment/PGDattack_28-08-2025+18_57/tmp/mnist-net_256x4/image_0,0.05,0.05,0.0614910125732421,"AttackEstimationModule (PGDAttack (iterations=10, step_size=0.01, randomise=False))"
1,/gpfs/work2/0/prjs1681/models/testing/mnist-net_256x4.onnx,1,2,/gpfs/home2/jvrijn/code/hiwi_code/henba1_VERONA/VERONA/src/ada_verona/robustness_experiment_box/experiment/PGDattack_28-08-2025+18_57/tmp/mnist-net_256x4/image_1,0.05,0.05,0.0054380893707275,"AttackEstimationModule (PGDAttack (iterations=10, step_size=0.01, randomise=False))"
2,/gpfs/work2/0/prjs1681/models/testing/mnist-net_256x4.onnx,2,1,/gpfs/home2/jvrijn/code/hiwi_code/henba1_VERONA/VERONA/src/ada_verona/robustness_experiment_box/experiment/PGDattack_28-08-2025+18_57/tmp/mnist-net_256x4/image_2,0.05,0.05,0.0057473182678222,"AttackEstimationModule (PGDAttack (iterations=10, step_size=0.01, randomise=False))"
3,/gpfs/work2/0/prjs1681/models/testing/mnist-net_256x4.onnx,3,0,/gpfs/home2/jvrijn/code/hiwi_code/henba1_VERONA/VERONA/src/ada_verona/robustness_experiment_box/experiment/PGDattack_28-08-2025+18_57/tmp/mnist-net_256x4/image_3,0.05,0.05,0.0062718391418457,"AttackEstimationModule (PGDAttack (iterations=10, step_size=0.01, randomise=False))"
4,/gpfs/work2/0/prjs1681/models/testing/mnist-net_256x4.onnx,4,4,/gpfs/home2/jvrijn/code/hiwi_code/henba1_VERONA/VERONA/src/ada_verona/robustness_experiment_box/experiment/PGDattack_28-08-2025+18_57/tmp/mnist-net_256x4/image_4,0.05,0.05,0.0056347846984863,"AttackEstimationModule (PGDAttack (iterations=10, step_size=0.01, randomise=False))"
5,/gpfs/work2/0/prjs1681/models/testing/mnist-net_256x4.onnx,5,1,/gpfs/home2/jvrijn/code/hiwi_code/henba1_VERONA/VERONA/src/ada_verona/robustness_experiment_box/experiment/PGDattack_28-08-2025+18_57/tmp/mnist-net_256x4/image_5,0.05,0.05,0.0058991909027099,"AttackEstimationModule (PGDAttack (iterations=10, step_size=0.01, randomise=False))"
6,/gpfs/work2/0/prjs1681/models/testing/mnist-net_256x4.onnx,6,4,/gpfs/home2/jvrijn/code/hiwi_code/henba1_VERONA/VERONA/src/ada_verona/robustness_experiment_box/experiment/PGDattack_28-08-2025+18_57/tmp/mnist-net_256x4/image_6,0.0,0.05,0.0056111812591552,"AttackEstimationModule (PGDAttack (iterations=10, step_size=0.01, randomise=False))"
7,/gpfs/work2/0/prjs1681/models/testing/mnist-net_256x4.onnx,7,9,/gpfs/home2/jvrijn/code/hiwi_code/henba1_VERONA/VERONA/src/ada_verona/robustness_experiment_box/experiment/PGDattack_28-08-2025+18_57/tmp/mnist-net_256x4/image_7,0.05,0.05,0.005544900894165,"AttackEstimationModule (PGDAttack (iterations=10, step_size=0.01, randomise=False))"
8,/gpfs/work2/0/prjs1681/models/testing/mnist-net_256x4.onnx,8,5,/gpfs/home2/jvrijn/code/hiwi_code/henba1_VERONA/VERONA/src/ada_verona/robustness_experiment_box/experiment/PGDattack_28-08-2025+18_57/tmp/mnist-net_256x4/image_8,0.05,0.05,0.0053026676177978,"AttackEstimationModule (PGDAttack (iterations=10, step_size=0.01, randomise=False))"
9,/gpfs/work2/0/prjs1681/models/testing/mnist-net_256x4.onnx,9,9,/gpfs/home2/jvrijn/code/hiwi_code/henba1_VERONA/VERONA/src/ada_verona/robustness_experiment_box/experiment/PGDattack_28-08-2025+18_57/tmp/mnist-net_256x4/image_9,0.05,0.05,0.0055932998657226,"AttackEstimationModule (PGDAttack (iterations=10, step_size=0.01, randomise=False))"
10,/gpfs/work2/0/prjs1681/models/testing/mnist-net_256x4.onnx,10,0,/gpfs/home2/jvrijn/code/hiwi_code/henba1_VERONA/VERONA/src/ada_verona/robustness_experiment_box/experiment/PGDattack_28-08-2025+18_57/tmp/mnist-net_256x4/image_10,0.05,0.05,0.0052640438079833,"AttackEstimationModule (PGDAttack (iterations=10, step_size=0.01, randomise=False))"
11,/gpfs/work2/0/prjs1681/models/testing/mnist-net_256x4.onnx,11,6,/gpfs/home2/jvrijn/code/hiwi_code/henba1_VERONA/VERONA/src/ada_verona/robustness_experiment_box/experiment/PGDattack_28-08-2025+18_57/tmp/mnist-net_256x4/image_11,0.05,0.05,0.0055451393127441,"AttackEstimationModule (PGDAttack (iterations=10, step_size=0.01, randomise=False))"
12,/gpfs/work2/0/prjs1681/models/testing/mnist-net_256x4.onnx,12,9,/gpfs/home2/jvrijn/code/hiwi_code/henba1_VERONA/VERONA/src/ada_verona/robustness_experiment_box/experiment/PGDattack_28-08-2025+18_57/tmp/mnist-net_256x4/image_12,0.05,0.05,0.0055851936340332,"AttackEstimationModule (PGDAttack (iterations=10, step_size=0.01, randomise=False))"
13,/gpfs/work2/0/prjs1681/models/testing/mnist-net_256x4.onnx,13,0,/gpfs/home2/jvrijn/code/hiwi_code/henba1_VERONA/VERONA/src/ada_verona/robustness_experiment_box/experiment/PGDattack_28-08-2025+18_57/tmp/mnist-net_256x4/image_13,0.05,0.05,0.0064120292663574,"AttackEstimationModule (PGDAttack (iterations=10, step_size=0.01, randomise=False))"
14,/gpfs/work2/0/prjs1681/models/testing/mnist-net_256x4.onnx,14,1,/gpfs/home2/jvrijn/code/hiwi_code/henba1_VERONA/VERONA/src/ada_verona/robustness_experiment_box/experiment/PGDattack_28-08-2025+18_57/tmp/mnist-net_256x4/image_14,0.05,0.05,0.0091185569763183,"AttackEstimationModule (PGDAttack (iterations=10, step_size=0.01, randomise=False))"
15,/gpfs/work2/0/prjs1681/models/testing/mnist-net_256x4.onnx,15,5,/gpfs/home2/jvrijn/code/hiwi_code/henba1_VERONA/VERONA/src/ada_verona/robustness_experiment_box/experiment/PGDattack_28-08-2025+18_57/tmp/mnist-net_256x4/image_15,0.05,0.05,0.0058591365814208,"AttackEstimationModule (PGDAttack (iterations=10, step_size=0.01, randomise=False))"
16,/gpfs/work2/0/prjs1681/models/testing/mnist-net_256x4.onnx,16,9,/gpfs/home2/jvrijn/code/hiwi_code/henba1_VERONA/VERONA/src/ada_verona/robustness_experiment_box/experiment/PGDattack_28-08-2025+18_57/tmp/mnist-net_256x4/image_16,0.05,0.05,0.0053963661193847,"AttackEstimationModule (PGDAttack (iterations=10, step_size=0.01, randomise=False))"
17,/gpfs/work2/0/prjs1681/models/testing/mnist-net_256x4.onnx,17,7,/gpfs/home2/jvrijn/code/hiwi_code/henba1_VERONA/VERONA/src/ada_verona/robustness_experiment_box/experiment/PGDattack_28-08-2025+18_57/tmp/mnist-net_256x4/image_17,0.05,0.05,0.0079946517944335,"AttackEstimationModule (PGDAttack (iterations=10, step_size=0.01, randomise=False))"
18,/gpfs/work2/0/prjs1681/models/testing/mnist-net_256x4.onnx,18,3,/gpfs/home2/jvrijn/code/hiwi_code/henba1_VERONA/VERONA/src/ada_verona/robustness_experiment_box/experiment/PGDattack_28-08-2025+18_57/tmp/mnist-net_256x4/image_18,0.0,0.05,0.0055465698242187,"AttackEstimationModule (PGDAttack (iterations=10, step_size=0.01, randomise=False))"
19,/gpfs/work2/0/prjs1681/models/testing/mnist-net_256x4.onnx,19,4,/gpfs/home2/jvrijn/code/hiwi_code/henba1_VERONA/VERONA/src/ada_verona/robustness_experiment_box/experiment/PGDattack_28-08-2025+18_57/tmp/mnist-net_256x4/image_19,0.05,0.05,0.0055799484252929,"AttackEstimationModule (PGDAttack (iterations=10, step_size=0.01, randomise=False))"
20,/gpfs/work2/0/prjs1681/models/testing/mnist-net_256x4.onnx,20,9,/gpfs/home2/jvrijn/code/hiwi_code/henba1_VERONA/VERONA/src/ada_verona/robustness_experiment_box/experiment/PGDattack_28-08-2025+18_57/tmp/mnist-net_256x4/image_20,0.05,0.05,0.0060460567474365,"AttackEstimationModule (PGDAttack (iterations=10, step_size=0.01, randomise=False))"
21,/gpfs/work2/0/prjs1681/models/testing/mnist-net_256x4.onnx,21,6,/gpfs/home2/jvrijn/code/hiwi_code/henba1_VERONA/VERONA/src/ada_verona/robustness_experiment_box/experiment/PGDattack_28-08-2025+18_57/tmp/mnist-net_256x4/image_21,0.05,0.05,0.0054428577423095,"AttackEstimationModule (PGDAttack (iterations=10, step_size=0.01, randomise=False))"
22,/gpfs/work2/0/prjs1681/models/testing/mnist-net_256x4.onnx,22,6,/gpfs/home2/jvrijn/code/hiwi_code/henba1_VERONA/VERONA/src/ada_verona/robustness_experiment_box/experiment/PGDattack_28-08-2025+18_57/tmp/mnist-net_256x4/image_22,0.05,0.05,0.0052676200866699,"AttackEstimationModule (PGDAttack (iterations=10, step_size=0.01, randomise=False))"
23,/gpfs/work2/0/prjs1681/models/testing/mnist-net_256x4.onnx,23,5,/gpfs/home2/jvrijn/code/hiwi_code/henba1_VERONA/VERONA/src/ada_verona/robustness_experiment_box/experiment/PGDattack_28-08-2025+18_57/tmp/mnist-net_256x4/image_23,0.05,0.05,0.0057513713836669,"AttackEstimationModule (PGDAttack (iterations=10, step_size=0.01, randomise=False))"
24,/gpfs/work2/0/prjs1681/models/testing/mnist-net_256x4.onnx,24,4,/gpfs/home2/jvrijn/code/hiwi_code/henba1_VERONA/VERONA/src/ada_verona/robustness_experiment_box/experiment/PGDattack_28-08-2025+18_57/tmp/mnist-net_256x4/image_24,0.05,0.05,0.0053002834320068,"AttackEstimationModule (PGDAttack (iterations=10, step_size=0.01, randomise=False))"
25,/gpfs/work2/0/prjs1681/models/testing/mnist-net_256x4.onnx,25,0,/gpfs/home2/jvrijn/code/hiwi_code/henba1_VERONA/VERONA/src/ada_verona/robustness_experiment_box/experiment/PGDattack_28-08-2025+18_57/tmp/mnist-net_256x4/image_25,0.05,0.05,0.0065250396728515,"AttackEstimationModule (PGDAttack (iterations=10, step_size=0.01, randomise=False))"
26,/gpfs/work2/0/prjs1681/models/testing/mnist-net_256x4.onnx,26,7,/gpfs/home2/jvrijn/code/hiwi_code/henba1_VERONA/VERONA/src/ada_verona/robustness_experiment_box/experiment/PGDattack_28-08-2025+18_57/tmp/mnist-net_256x4/image_26,0.05,0.05,0.0056023597717285,"AttackEstimationModule (PGDAttack (iterations=10, step_size=0.01, randomise=False))"
27,/gpfs/work2/0/prjs1681/models/testing/mnist-net_256x4.onnx,27,4,/gpfs/home2/jvrijn/code/hiwi_code/henba1_VERONA/VERONA/src/ada_verona/robustness_experiment_box/experiment/PGDattack_28-08-2025+18_57/tmp/mnist-net_256x4/image_27,0.05,0.05,0.0059931278228759,"AttackEstimationModule (PGDAttack (iterations=10, step_size=0.01, randomise=False))"
28,/gpfs/work2/0/prjs1681/models/testing/mnist-net_256x4.onnx,28,0,/gpfs/home2/jvrijn/code/hiwi_code/henba1_VERONA/VERONA/src/ada_verona/robustness_experiment_box/experiment/PGDattack_28-08-2025+18_57/tmp/mnist-net_256x4/image_28,0.05,0.05,0.00545334815979,"AttackEstimationModule (PGDAttack (iterations=10, step_size=0.01, randomise=False))"
29,/gpfs/work2/0/prjs1681/models/testing/mnist-net_256x4.onnx,29,1,/gpfs/home2/jvrijn/code/hiwi_code/henba1_VERONA/VERONA/src/ada_verona/robustness_experiment_box/experiment/PGDattack_28-08-2025+18_57/tmp/mnist-net_256x4/image_29,0.05,0.05,0.0057580471038818,"AttackEstimationModule (PGDAttack (iterations=10, step_size=0.01, randomise=False))"
30,/gpfs/work2/0/prjs1681/models/testing/mnist-net_256x4.onnx,30,3,/gpfs/home2/jvrijn/code/hiwi_code/henba1_VERONA/VERONA/src/ada_verona/robustness_experiment_box/experiment/PGDattack_28-08-2025+18_57/tmp/mnist-net_256x4/image_30,0.05,0.05,0.0054836273193359,"AttackEstimationModule (PGDAttack (iterations=10, step_size=0.01, randomise=False))"
31,/gpfs/work2/0/prjs1681/models/testing/mnist-net_256x4.onnx,31,1,/gpfs/home2/jvrijn/code/hiwi_code/henba1_VERONA/VERONA/src/ada_verona/robustness_experiment_box/experiment/PGDattack_28-08-2025+18_57/tmp/mnist-net_256x4/image_31,0.05,0.05,0.006227970123291,"AttackEstimationModule (PGDAttack (iterations=10, step_size=0.01, randomise=False))"
32,/gpfs/work2/0/prjs1681/models/testing/mnist-net_256x4.onnx,32,3,/gpfs/home2/jvrijn/code/hiwi_code/henba1_VERONA/VERONA/src/ada_verona/robustness_experiment_box/experiment/PGDattack_28-08-2025+18_57/tmp/mnist-net_256x4/image_32,0.05,0.05,0.0058884620666503,"AttackEstimationModule (PGDAttack (iterations=10, step_size=0.01, randomise=False))"
33,/gpfs/work2/0/prjs1681/models/testing/mnist-net_256x4.onnx,33,4,/gpfs/home2/jvrijn/code/hiwi_code/henba1_VERONA/VERONA/src/ada_verona/robustness_experiment_box/experiment/PGDattack_28-08-2025+18_57/tmp/mnist-net_256x4/image_33,0.0,0.05,0.005721092224121,"AttackEstimationModule (PGDAttack (iterations=10, step_size=0.01, randomise=False))"
34,/gpfs/work2/0/prjs1681/models/testing/mnist-net_256x4.onnx,34,7,/gpfs/home2/jvrijn/code/hiwi_code/henba1_VERONA/VERONA/src/ada_verona/robustness_experiment_box/experiment/PGDattack_28-08-2025+18_57/tmp/mnist-net_256x4/image_34,0.05,0.05,0.0057179927825927,"AttackEstimationModule (PGDAttack (iterations=10, step_size=0.01, randomise=False))"
35,/gpfs/work2/0/prjs1681/models/testing/mnist-net_256x4.onnx,35,2,/gpfs/home2/jvrijn/code/hiwi_code/henba1_VERONA/VERONA/src/ada_verona/robustness_experiment_box/experiment/PGDattack_28-08-2025+18_57/tmp/mnist-net_256x4/image_35,0.05,0.05,0.00547456741333,"AttackEstimationModule (PGDAttack (iterations=10, step_size=0.01, randomise=False))"
36,/gpfs/work2/0/prjs1681/models/testing/mnist-net_256x4.onnx,36,7,/gpfs/home2/jvrijn/code/hiwi_code/henba1_VERONA/VERONA/src/ada_verona/robustness_experiment_box/experiment/PGDattack_28-08-2025+18_57/tmp/mnist-net_256x4/image_36,0.05,0.05,0.0059583187103271,"AttackEstimationModule (PGDAttack (iterations=10, step_size=0.01, randomise=False))"
37,/gpfs/work2/0/prjs1681/models/testing/mnist-net_256x4.onnx,37,1,/gpfs/home2/jvrijn/code/hiwi_code/henba1_VERONA/VERONA/src/ada_verona/robustness_experiment_box/experiment/PGDattack_28-08-2025+18_57/tmp/mnist-net_256x4/image_37,0.05,0.05,0.0060052871704101,"AttackEstimationModule (PGDAttack (iterations=10, step_size=0.01, randomise=False))"
38,/gpfs/work2/0/prjs1681/models/testing/mnist-net_256x4.onnx,38,2,/gpfs/home2/jvrijn/code/hiwi_code/henba1_VERONA/VERONA/src/ada_verona/robustness_experiment_box/experiment/PGDattack_28-08-2025+18_57/tmp/mnist-net_256x4/image_38,0.05,0.05,0.005558967590332,"AttackEstimationModule (PGDAttack (iterations=10, step_size=0.01, randomise=False))"
39,/gpfs/work2/0/prjs1681/models/testing/mnist-net_256x4.onnx,39,1,/gpfs/home2/jvrijn/code/hiwi_code/henba1_VERONA/VERONA/src/ada_verona/robustness_experiment_box/experiment/PGDattack_28-08-2025+18_57/tmp/mnist-net_256x4/image_39,0.05,0.05,0.005446434020996,"AttackEstimationModule (PGDAttack (iterations=10, step_size=0.01, randomise=False))"
40,/gpfs/work2/0/prjs1681/models/testing/mnist-net_256x4.onnx,40,1,/gpfs/home2/jvrijn/code/hiwi_code/henba1_VERONA/VERONA/src/ada_verona/robustness_experiment_box/experiment/PGDattack_28-08-2025+18_57/tmp/mnist-net_256x4/image_40,0.05,0.05,0.0054118633270263,"AttackEstimationModule (PGDAttack (iterations=10, step_size=0.01, randomise=False))"
41,/gpfs/work2/0/prjs1681/models/testing/mnist-net_256x4.onnx,41,7,/gpfs/home2/jvrijn/code/hiwi_code/henba1_VERONA/VERONA/src/ada_verona/robustness_experiment_box/experiment/PGDattack_28-08-2025+18_57/tmp/mnist-net_256x4/image_41,0.05,0.05,0.0053439140319824,"AttackEstimationModule (PGDAttack (iterations=10, step_size=0.01, randomise=False))"
42,/gpfs/work2/0/prjs1681/models/testing/mnist-net_256x4.onnx,42,4,/gpfs/home2/jvrijn/code/hiwi_code/henba1_VERONA/VERONA/src/ada_verona/robustness_experiment_box/experiment/PGDattack_28-08-2025+18_57/tmp/mnist-net_256x4/image_42,0.05,0.05,0.0056726932525634,"AttackEstimationModule (PGDAttack (iterations=10, step_size=0.01, randomise=False))"
43,/gpfs/work2/0/prjs1681/models/testing/mnist-net_256x4.onnx,43,2,/gpfs/home2/jvrijn/code/hiwi_code/henba1_VERONA/VERONA/src/ada_verona/robustness_experiment_box/experiment/PGDattack_28-08-2025+18_57/tmp/mnist-net_256x4/image_43,0.0,0.05,0.0070946216583251,"AttackEstimationModule (PGDAttack (iterations=10, step_size=0.01, randomise=False))"
44,/gpfs/work2/0/prjs1681/models/testing/mnist-net_256x4.onnx,44,3,/gpfs/home2/jvrijn/code/hiwi_code/henba1_VERONA/VERONA/src/ada_verona/robustness_experiment_box/experiment/PGDattack_28-08-2025+18_57/tmp/mnist-net_256x4/image_44,0.05,0.05,0.006545066833496,"AttackEstimationModule (PGDAttack (iterations=10, step_size=0.01, randomise=False))"
45,/gpfs/work2/0/prjs1681/models/testing/mnist-net_256x4.onnx,45,5,/gpfs/home2/jvrijn/code/hiwi_code/henba1_VERONA/VERONA/src/ada_verona/robustness_experiment_box/experiment/PGDattack_28-08-2025+18_57/tmp/mnist-net_256x4/image_45,0.05,0.05,0.005854845046997,"AttackEstimationModule (PGDAttack (iterations=10, step_size=0.01, randomise=False))"
46,/gpfs/work2/0/prjs1681/models/testing/mnist-net_256x4.onnx,46,1,/gpfs/home2/jvrijn/code/hiwi_code/henba1_VERONA/VERONA/src/ada_verona/robustness_experiment_box/experiment/PGDattack_28-08-2025+18_57/tmp/mnist-net_256x4/image_46,0.05,0.05,0.0056860446929931,"AttackEstimationModule (PGDAttack (iterations=10, step_size=0.01, randomise=False))"
47,/gpfs/work2/0/prjs1681/models/testing/mnist-net_256x4.onnx,47,2,/gpfs/home2/jvrijn/code/hiwi_code/henba1_VERONA/VERONA/src/ada_verona/robustness_experiment_box/experiment/PGDattack_28-08-2025+18_57/tmp/mnist-net_256x4/image_47,0.05,0.05,0.0058991909027099,"AttackEstimationModule (PGDAttack (iterations=10, step_size=0.01, randomise=False))"
48,/gpfs/work2/0/prjs1681/models/testing/mnist-net_256x4.onnx,48,4,/gpfs/home2/jvrijn/code/hiwi_code/henba1_VERONA/VERONA/src/ada_verona/robustness_experiment_box/experiment/PGDattack_28-08-2025+18_57/tmp/mnist-net_256x4/image_48,0.05,0.05,0.0062348842620849,"AttackEstimationModule (PGDAttack (iterations=10, step_size=0.01, randomise=False))"
49,/gpfs/work2/0/prjs1681/models/testing/mnist-net_256x4.onnx,49,4,/gpfs/home2/jvrijn/code/hiwi_code/henba1_VERONA/VERONA/src/ada_verona/robustness_experiment_box/experiment/PGDattack_28-08-2025+18_57/tmp/mnist-net_256x4/image_49,0.05,0.05,0.005960464477539,"AttackEstimationModule (PGDAttack (iterations=10, step_size=0.01, randomise=False))"
50,/gpfs/work2/0/prjs1681/models/testing/mnist-net_256x4.onnx,50,6,/gpfs/home2/jvrijn/code/hiwi_code/henba1_VERONA/VERONA/src/ada_verona/robustness_experiment_box/experiment/PGDattack_28-08-2025+18_57/tmp/mnist-net_256x4/image_50,0.05,0.05,0.0058324337005615,"AttackEstimationModule (PGDAttack (iterations=10, step_size=0.01, randomise=False))"
51,/gpfs/work2/0/prjs1681/models/testing/mnist-net_256x4.onnx,51,3,/gpfs/home2/jvrijn/code/hiwi_code/henba1_VERONA/VERONA/src/ada_verona/robustness_experiment_box/experiment/PGDattack_28-08-2025+18_57/tmp/mnist-net_256x4/image_51,0.05,0.05,0.0055768489837646,"AttackEstimationModule (PGDAttack (iterations=10, step_size=0.01, randomise=False))"
52,/gpfs/work2/0/prjs1681/models/testing/mnist-net_256x4.onnx,52,5,/gpfs/home2/jvrijn/code/hiwi_code/henba1_VERONA/VERONA/src/ada_verona/robustness_experiment_box/experiment/PGDattack_28-08-2025+18_57/tmp/mnist-net_256x4/image_52,0.05,0.05,0.0056805610656738,"AttackEstimationModule (PGDAttack (iterations=10, step_size=0.01, randomise=False))"
53,/gpfs/work2/0/prjs1681/models/testing/mnist-net_256x4.onnx,53,5,/gpfs/home2/jvrijn/code/hiwi_code/henba1_VERONA/VERONA/src/ada_verona/robustness_experiment_box/experiment/PGDattack_28-08-2025+18_57/tmp/mnist-net_256x4/image_53,0.05,0.05,0.005613088607788,"AttackEstimationModule (PGDAttack (iterations=10, step_size=0.01, randomise=False))"
54,/gpfs/work2/0/prjs1681/models/testing/mnist-net_256x4.onnx,54,6,/gpfs/home2/jvrijn/code/hiwi_code/henba1_VERONA/VERONA/src/ada_verona/robustness_experiment_box/experiment/PGDattack_28-08-2025+18_57/tmp/mnist-net_256x4/image_54,0.05,0.05,0.0062670707702636,"AttackEstimationModule (PGDAttack (iterations=10, step_size=0.01, randomise=False))"
55,/gpfs/work2/0/prjs1681/models/testing/mnist-net_256x4.onnx,55,0,/gpfs/home2/jvrijn/code/hiwi_code/henba1_VERONA/VERONA/src/ada_verona/robustness_experiment_box/experiment/PGDattack_28-08-2025+18_57/tmp/mnist-net_256x4/image_55,0.05,0.05,0.006148338317871,"AttackEstimationModule (PGDAttack (iterations=10, step_size=0.01, randomise=False))"
56,/gpfs/work2/0/prjs1681/models/testing/mnist-net_256x4.onnx,56,4,/gpfs/home2/jvrijn/code/hiwi_code/henba1_VERONA/VERONA/src/ada_verona/robustness_experiment_box/experiment/PGDattack_28-08-2025+18_57/tmp/mnist-net_256x4/image_56,0.05,0.05,0.0055975914001464,"AttackEstimationModule (PGDAttack (iterations=10, step_size=0.01, randomise=False))"
57,/gpfs/work2/0/prjs1681/models/testing/mnist-net_256x4.onnx,57,1,/gpfs/home2/jvrijn/code/hiwi_code/henba1_VERONA/VERONA/src/ada_verona/robustness_experiment_box/experiment/PGDattack_28-08-2025+18_57/tmp/mnist-net_256x4/image_57,0.05,0.05,0.0061349868774414,"AttackEstimationModule (PGDAttack (iterations=10, step_size=0.01, randomise=False))"
58,/gpfs/work2/0/prjs1681/models/testing/mnist-net_256x4.onnx,58,9,/gpfs/home2/jvrijn/code/hiwi_code/henba1_VERONA/VERONA/src/ada_verona/robustness_experiment_box/experiment/PGDattack_28-08-2025+18_57/tmp/mnist-net_256x4/image_58,0.05,0.05,0.0059547424316406,"AttackEstimationModule (PGDAttack (iterations=10, step_size=0.01, randomise=False))"
59,/gpfs/work2/0/prjs1681/models/testing/mnist-net_256x4.onnx,59,5,/gpfs/home2/jvrijn/code/hiwi_code/henba1_VERONA/VERONA/src/ada_verona/robustness_experiment_box/experiment/PGDattack_28-08-2025+18_57/tmp/mnist-net_256x4/image_59,0.05,0.05,0.0056219100952148,"AttackEstimationModule (PGDAttack (iterations=10, step_size=0.01, randomise=False))"
60,/gpfs/work2/0/prjs1681/models/testing/mnist-net_256x4.onnx,60,7,/gpfs/home2/jvrijn/code/hiwi_code/henba1_VERONA/VERONA/src/ada_verona/robustness_experiment_box/experiment/PGDattack_28-08-2025+18_57/tmp/mnist-net_256x4/image_60,0.05,0.05,0.0058529376983642,"AttackEstimationModule (PGDAttack (iterations=10, step_size=0.01, randomise=False))"
61,/gpfs/work2/0/prjs1681/models/testing/mnist-net_256x4.onnx,61,8,/gpfs/home2/jvrijn/code/hiwi_code/henba1_VERONA/VERONA/src/ada_verona/robustness_experiment_box/experiment/PGDattack_28-08-2025+18_57/tmp/mnist-net_256x4/image_61,0.05,0.05,0.0057435035705566,"AttackEstimationModule (PGDAttack (iterations=10, step_size=0.01, randomise=False))"
62,/gpfs/work2/0/prjs1681/models/testing/mnist-net_256x4.onnx,62,9,/gpfs/home2/jvrijn/code/hiwi_code/henba1_VERONA/VERONA/src/ada_verona/robustness_experiment_box/experiment/PGDattack_28-08-2025+18_57/tmp/mnist-net_256x4/image_62,0.0,0.05,0.0057349205017089,"AttackEstimationModule (PGDAttack (iterations=10, step_size=0.01, randomise=False))"
63,/gpfs/work2/0/prjs1681/models/testing/mnist-net_256x4.onnx,63,3,/gpfs/home2/jvrijn/code/hiwi_code/henba1_VERONA/VERONA/src/ada_verona/robustness_experiment_box/experiment/PGDattack_28-08-2025+18_57/tmp/mnist-net_256x4/image_63,0.05,0.05,0.0058517456054687,"AttackEstimationModule (PGDAttack (iterations=10, step_size=0.01, randomise=False))"
64,/gpfs/work2/0/prjs1681/models/testing/mnist-net_256x4.onnx,64,7,/gpfs/home2/jvrijn/code/hiwi_code/henba1_VERONA/VERONA/src/ada_verona/robustness_experiment_box/experiment/PGDattack_28-08-2025+18_57/tmp/mnist-net_256x4/image_64,0.05,0.05,0.0053858757019042,"AttackEstimationModule (PGDAttack (iterations=10, step_size=0.01, randomise=False))"
65,/gpfs/work2/0/prjs1681/models/testing/mnist-net_256x4.onnx,65,4,/gpfs/home2/jvrijn/code/hiwi_code/henba1_VERONA/VERONA/src/ada_verona/robustness_experiment_box/experiment/PGDattack_28-08-2025+18_57/tmp/mnist-net_256x4/image_65,0.0,0.05,0.0061321258544921,"AttackEstimationModule (PGDAttack (iterations=10, step_size=0.01, randomise=False))"
66,/gpfs/work2/0/prjs1681/models/testing/mnist-net_256x4.onnx,66,6,/gpfs/home2/jvrijn/code/hiwi_code/henba1_VERONA/VERONA/src/ada_verona/robustness_experiment_box/experiment/PGDattack_28-08-2025+18_57/tmp/mnist-net_256x4/image_66,0.05,0.05,0.005814790725708,"AttackEstimationModule (PGDAttack (iterations=10, step_size=0.01, randomise=False))"
67,/gpfs/work2/0/prjs1681/models/testing/mnist-net_256x4.onnx,67,4,/gpfs/home2/jvrijn/code/hiwi_code/henba1_VERONA/VERONA/src/ada_verona/robustness_experiment_box/experiment/PGDattack_28-08-2025+18_57/tmp/mnist-net_256x4/image_67,0.05,0.05,0.0058021545410156,"AttackEstimationModule (PGDAttack (iterations=10, step_size=0.01, randomise=False))"
68,/gpfs/work2/0/prjs1681/models/testing/mnist-net_256x4.onnx,68,3,/gpfs/home2/jvrijn/code/hiwi_code/henba1_VERONA/VERONA/src/ada_verona/robustness_experiment_box/experiment/PGDattack_28-08-2025+18_57/tmp/mnist-net_256x4/image_68,0.05,0.05,0.0064349174499511,"AttackEstimationModule (PGDAttack (iterations=10, step_size=0.01, randomise=False))"
69,/gpfs/work2/0/prjs1681/models/testing/mnist-net_256x4.onnx,69,0,/gpfs/home2/jvrijn/code/hiwi_code/henba1_VERONA/VERONA/src/ada_verona/robustness_experiment_box/experiment/PGDattack_28-08-2025+18_57/tmp/mnist-net_256x4/image_69,0.05,0.05,0.0054025650024414,"AttackEstimationModule (PGDAttack (iterations=10, step_size=0.01, randomise=False))"
70,/gpfs/work2/0/prjs1681/models/testing/mnist-net_256x4.onnx,70,7,/gpfs/home2/jvrijn/code/hiwi_code/henba1_VERONA/VERONA/src/ada_verona/robustness_experiment_box/experiment/PGDattack_28-08-2025+18_57/tmp/mnist-net_256x4/image_70,0.05,0.05,0.0061926841735839,"AttackEstimationModule (PGDAttack (iterations=10, step_size=0.01, randomise=False))"
71,/gpfs/work2/0/prjs1681/models/testing/mnist-net_256x4.onnx,71,0,/gpfs/home2/jvrijn/code/hiwi_code/henba1_VERONA/VERONA/src/ada_verona/robustness_experiment_box/experiment/PGDattack_28-08-2025+18_57/tmp/mnist-net_256x4/image_71,0.05,0.05,0.0056276321411132,"AttackEstimationModule (PGDAttack (iterations=10, step_size=0.01, randomise=False))"
72,/gpfs/work2/0/prjs1681/models/testing/mnist-net_256x4.onnx,72,2,/gpfs/home2/jvrijn/code/hiwi_code/henba1_VERONA/VERONA/src/ada_verona/robustness_experiment_box/experiment/PGDattack_28-08-2025+18_57/tmp/mnist-net_256x4/image_72,0.05,0.05,0.0063517093658447,"AttackEstimationModule (PGDAttack (iterations=10, step_size=0.01, randomise=False))"
73,/gpfs/work2/0/prjs1681/models/testing/mnist-net_256x4.onnx,73,9,/gpfs/home2/jvrijn/code/hiwi_code/henba1_VERONA/VERONA/src/ada_verona/robustness_experiment_box/experiment/PGDattack_28-08-2025+18_57/tmp/mnist-net_256x4/image_73,0.0,0.05,0.0058183670043945,"AttackEstimationModule (PGDAttack (iterations=10, step_size=0.01, randomise=False))"
74,/gpfs/work2/0/prjs1681/models/testing/mnist-net_256x4.onnx,74,1,/gpfs/home2/jvrijn/code/hiwi_code/henba1_VERONA/VERONA/src/ada_verona/robustness_experiment_box/experiment/PGDattack_28-08-2025+18_57/tmp/mnist-net_256x4/image_74,0.05,0.05,0.0057826042175292,"AttackEstimationModule (PGDAttack (iterations=10, step_size=0.01, randomise=False))"
75,/gpfs/work2/0/prjs1681/models/testing/mnist-net_256x4.onnx,75,7,/gpfs/home2/jvrijn/code/hiwi_code/henba1_VERONA/VERONA/src/ada_verona/robustness_experiment_box/experiment/PGDattack_28-08-2025+18_57/tmp/mnist-net_256x4/image_75,0.05,0.05,0.0056056976318359,"AttackEstimationModule (PGDAttack (iterations=10, step_size=0.01, randomise=False))"
76,/gpfs/work2/0/prjs1681/models/testing/mnist-net_256x4.onnx,76,3,/gpfs/home2/jvrijn/code/hiwi_code/henba1_VERONA/VERONA/src/ada_verona/robustness_experiment_box/experiment/PGDattack_28-08-2025+18_57/tmp/mnist-net_256x4/image_76,0.05,0.05,0.0058343410491943,"AttackEstimationModule (PGDAttack (iterations=10, step_size=0.01, randomise=False))"
77,/gpfs/work2/0/prjs1681/models/testing/mnist-net_256x4.onnx,77,2,/gpfs/home2/jvrijn/code/hiwi_code/henba1_VERONA/VERONA/src/ada_verona/robustness_experiment_box/experiment/PGDattack_28-08-2025+18_57/tmp/mnist-net_256x4/image_77,0.05,0.05,0.0057208538055419,"AttackEstimationModule (PGDAttack (iterations=10, step_size=0.01, randomise=False))"
78,/gpfs/work2/0/prjs1681/models/testing/mnist-net_256x4.onnx,78,9,/gpfs/home2/jvrijn/code/hiwi_code/henba1_VERONA/VERONA/src/ada_verona/robustness_experiment_box/experiment/PGDattack_28-08-2025+18_57/tmp/mnist-net_256x4/image_78,0.0,0.05,0.0123903751373291,"AttackEstimationModule (PGDAttack (iterations=10, step_size=0.01, randomise=False))"
79,/gpfs/work2/0/prjs1681/models/testing/mnist-net_256x4.onnx,79,7,/gpfs/home2/jvrijn/code/hiwi_code/henba1_VERONA/VERONA/src/ada_verona/robustness_experiment_box/experiment/PGDattack_28-08-2025+18_57/tmp/mnist-net_256x4/image_79,0.05,0.05,0.0118045806884765,"AttackEstimationModule (PGDAttack (iterations=10, step_size=0.01, randomise=False))"
80,/gpfs/work2/0/prjs1681/models/testing/mnist-net_256x4.onnx,80,7,/gpfs/home2/jvrijn/code/hiwi_code/henba1_VERONA/VERONA/src/ada_verona/robustness_experiment_box/experiment/PGDattack_28-08-2025+18_57/tmp/mnist-net_256x4/image_80,0.0,0.05,0.0115010738372802,"AttackEstimationModule (PGDAttack (iterations=10, step_size=0.01, randomise=False))"
81,/gpfs/work2/0/prjs1681/models/testing/mnist-net_256x4.onnx,81,6,/gpfs/home2/jvrijn/code/hiwi_code/henba1_VERONA/VERONA/src/ada_verona/robustness_experiment_box/experiment/PGDattack_28-08-2025+18_57/tmp/mnist-net_256x4/image_81,0.05,0.05,0.0115361213684082,"AttackEstimationModule (PGDAttack (iterations=10, step_size=0.01, randomise=False))"
82,/gpfs/work2/0/prjs1681/models/testing/mnist-net_256x4.onnx,82,2,/gpfs/home2/jvrijn/code/hiwi_code/henba1_VERONA/VERONA/src/ada_verona/robustness_experiment_box/experiment/PGDattack_28-08-2025+18_57/tmp/mnist-net_256x4/image_82,0.05,0.05,0.0110390186309814,"AttackEstimationModule (PGDAttack (iterations=10, step_size=0.01, randomise=False))"
83,/gpfs/work2/0/prjs1681/models/testing/mnist-net_256x4.onnx,83,7,/gpfs/home2/jvrijn/code/hiwi_code/henba1_VERONA/VERONA/src/ada_verona/robustness_experiment_box/experiment/PGDattack_28-08-2025+18_57/tmp/mnist-net_256x4/image_83,0.05,0.05,0.013981819152832,"AttackEstimationModule (PGDAttack (iterations=10, step_size=0.01, randomise=False))"
84,/gpfs/work2/0/prjs1681/models/testing/mnist-net_256x4.onnx,84,8,/gpfs/home2/jvrijn/code/hiwi_code/henba1_VERONA/VERONA/src/ada_verona/robustness_experiment_box/experiment/PGDattack_28-08-2025+18_57/tmp/mnist-net_256x4/image_84,0.05,0.05,0.0099902153015136,"AttackEstimationModule (PGDAttack (iterations=10, step_size=0.01, randomise=False))"
85,/gpfs/work2/0/prjs1681/models/testing/mnist-net_256x4.onnx,85,4,/gpfs/home2/jvrijn/code/hiwi_code/henba1_VERONA/VERONA/src/ada_verona/robustness_experiment_box/experiment/PGDattack_28-08-2025+18_57/tmp/mnist-net_256x4/image_85,0.05,0.05,0.0100657939910888,"AttackEstimationModule (PGDAttack (iterations=10, step_size=0.01, randomise=False))"
86,/gpfs/work2/0/prjs1681/models/testing/mnist-net_256x4.onnx,86,7,/gpfs/home2/jvrijn/code/hiwi_code/henba1_VERONA/VERONA/src/ada_verona/robustness_experiment_box/experiment/PGDattack_28-08-2025+18_57/tmp/mnist-net_256x4/image_86,0.05,0.05,0.0103354454040527,"AttackEstimationModule (PGDAttack (iterations=10, step_size=0.01, randomise=False))"
87,/gpfs/work2/0/prjs1681/models/testing/mnist-net_256x4.onnx,87,3,/gpfs/home2/jvrijn/code/hiwi_code/henba1_VERONA/VERONA/src/ada_verona/robustness_experiment_box/experiment/PGDattack_28-08-2025+18_57/tmp/mnist-net_256x4/image_87,0.05,0.05,0.0102996826171875,"AttackEstimationModule (PGDAttack (iterations=10, step_size=0.01, randomise=False))"
88,/gpfs/work2/0/prjs1681/models/testing/mnist-net_256x4.onnx,88,6,/gpfs/home2/jvrijn/code/hiwi_code/henba1_VERONA/VERONA/src/ada_verona/robustness_experiment_box/experiment/PGDattack_28-08-2025+18_57/tmp/mnist-net_256x4/image_88,0.05,0.05,0.010444164276123,"AttackEstimationModule (PGDAttack (iterations=10, step_size=0.01, randomise=False))"
89,/gpfs/work2/0/prjs1681/models/testing/mnist-net_256x4.onnx,89,1,/gpfs/home2/jvrijn/code/hiwi_code/henba1_VERONA/VERONA/src/ada_verona/robustness_experiment_box/experiment/PGDattack_28-08-2025+18_57/tmp/mnist-net_256x4/image_89,0.05,0.05,0.0105187892913818,"AttackEstimationModule (PGDAttack (iterations=10, step_size=0.01, randomise=False))"
90,/gpfs/work2/0/prjs1681/models/testing/mnist-net_256x4.onnx,90,3,/gpfs/home2/jvrijn/code/hiwi_code/henba1_VERONA/VERONA/src/ada_verona/robustness_experiment_box/experiment/PGDattack_28-08-2025+18_57/tmp/mnist-net_256x4/image_90,0.05,0.05,0.0109617710113525,"AttackEstimationModule (PGDAttack (iterations=10, step_size=0.01, randomise=False))"
91,/gpfs/work2/0/prjs1681/models/testing/mnist-net_256x4.onnx,91,6,/gpfs/home2/jvrijn/code/hiwi_code/henba1_VERONA/VERONA/src/ada_verona/robustness_experiment_box/experiment/PGDattack_28-08-2025+18_57/tmp/mnist-net_256x4/image_91,0.05,0.05,0.0112292766571044,"AttackEstimationModule (PGDAttack (iterations=10, step_size=0.01, randomise=False))"
92,/gpfs/work2/0/prjs1681/models/testing/mnist-net_256x4.onnx,92,9,/gpfs/home2/jvrijn/code/hiwi_code/henba1_VERONA/VERONA/src/ada_verona/robustness_experiment_box/experiment/PGDattack_28-08-2025+18_57/tmp/mnist-net_256x4/image_92,0.0,0.05,0.0111920833587646,"AttackEstimationModule (PGDAttack (iterations=10, step_size=0.01, randomise=False))"
93,/gpfs/work2/0/prjs1681/models/testing/mnist-net_256x4.onnx,93,3,/gpfs/home2/jvrijn/code/hiwi_code/henba1_VERONA/VERONA/src/ada_verona/robustness_experiment_box/experiment/PGDattack_28-08-2025+18_57/tmp/mnist-net_256x4/image_93,0.05,0.05,0.0113110542297363,"AttackEstimationModule (PGDAttack (iterations=10, step_size=0.01, randomise=False))"
94,/gpfs/work2/0/prjs1681/models/testing/mnist-net_256x4.onnx,94,1,/gpfs/home2/jvrijn/code/hiwi_code/henba1_VERONA/VERONA/src/ada_verona/robustness_experiment_box/experiment/PGDattack_28-08-2025+18_57/tmp/mnist-net_256x4/image_94,0.05,0.05,0.0101730823516845,"AttackEstimationModule (PGDAttack (iterations=10, step_size=0.01, randomise=False))"
95,/gpfs/work2/0/prjs1681/models/testing/mnist-net_256x4.onnx,95,4,/gpfs/home2/jvrijn/code/hiwi_code/henba1_VERONA/VERONA/src/ada_verona/robustness_experiment_box/experiment/PGDattack_28-08-2025+18_57/tmp/mnist-net_256x4/image_95,0.0,0.05,0.0106141567230224,"AttackEstimationModule (PGDAttack (iterations=10, step_size=0.01, randomise=False))"
96,/gpfs/work2/0/prjs1681/models/testing/mnist-net_256x4.onnx,96,1,/gpfs/home2/jvrijn/code/hiwi_code/henba1_VERONA/VERONA/src/ada_verona/robustness_experiment_box/experiment/PGDattack_28-08-2025+18_57/tmp/mnist-net_256x4/image_96,0.05,0.05,0.0108013153076171,"AttackEstimationModule (PGDAttack (iterations=10, step_size=0.01, randomise=False))"
97,/gpfs/work2/0/prjs1681/models/testing/mnist-net_256x4.onnx,97,7,/gpfs/home2/jvrijn/code/hiwi_code/henba1_VERONA/VERONA/src/ada_verona/robustness_experiment_box/experiment/PGDattack_28-08-2025+18_57/tmp/mnist-net_256x4/image_97,0.05,0.05,0.0118565559387207,"AttackEstimationModule (PGDAttack (iterations=10, step_size=0.01, randomise=False))"
98,/gpfs/work2/0/prjs1681/models/testing/mnist-net_256x4.onnx,98,6,/gpfs/home2/jvrijn/code/hiwi_code/henba1_VERONA/VERONA/src/ada_verona/robustness_experiment_box/experiment/PGDattack_28-08-2025+18_57/tmp/mnist-net_256x4/image_98,0.05,0.05,0.0116879940032958,"AttackEstimationModule (PGDAttack (iterations=10, step_size=0.01, randomise=False))"
99,/gpfs/work2/0/prjs1681/models/testing/mnist-net_256x4.onnx,99,9,/gpfs/home2/jvrijn/code/hiwi_code/henba1_VERONA/VERONA/src/ada_verona/robustness_experiment_box/experiment/PGDattack_28-08-2025+18_57/tmp/mnist-net_256x4/image_99,0.05,0.05,0.0117599964141845,"AttackEstimationModule (PGDAttack (iterations=10, step_size=0.01, randomise=False))"
100,/gpfs/work2/0/prjs1681/models/testing/mnist-net_256x4.onnx,100,6,/gpfs/home2/jvrijn/code/hiwi_code/henba1_VERONA/VERONA/src/ada_verona/robustness_experiment_box/experiment/PGDattack_28-08-2025+18_57/tmp/mnist-net_256x4/image_100,0.05,0.05,0.0130820274353027,"AttackEstimationModule (PGDAttack (iterations=10, step_size=0.01, randomise=False))"
101,/gpfs/work2/0/prjs1681/models/testing/mnist-net_256x4.onnx,101,0,/gpfs/home2/jvrijn/code/hiwi_code/henba1_VERONA/VERONA/src/ada_verona/robustness_experiment_box/experiment/PGDattack_28-08-2025+18_57/tmp/mnist-net_256x4/image_101,0.05,0.05,0.0117454528808593,"AttackEstimationModule (PGDAttack (iterations=10, step_size=0.01, randomise=False))"
102,/gpfs/work2/0/prjs1681/models/testing/mnist-net_256x4.onnx,102,5,/gpfs/home2/jvrijn/code/hiwi_code/henba1_VERONA/VERONA/src/ada_verona/robustness_experiment_box/experiment/PGDattack_28-08-2025+18_57/tmp/mnist-net_256x4/image_102,0.05,0.05,0.0121920108795166,"AttackEstimationModule (PGDAttack (iterations=10, step_size=0.01, randomise=False))"
103,/gpfs/work2/0/prjs1681/models/testing/mnist-net_256x4.onnx,103,4,/gpfs/home2/jvrijn/code/hiwi_code/henba1_VERONA/VERONA/src/ada_verona/robustness_experiment_box/experiment/PGDattack_28-08-2025+18_57/tmp/mnist-net_256x4/image_103,0.05,0.05,0.0117514133453369,"AttackEstimationModule (PGDAttack (iterations=10, step_size=0.01, randomise=False))"
104,/gpfs/work2/0/prjs1681/models/testing/mnist-net_256x4.onnx,105,9,/gpfs/home2/jvrijn/code/hiwi_code/henba1_VERONA/VERONA/src/ada_verona/robustness_experiment_box/experiment/PGDattack_28-08-2025+18_57/tmp/mnist-net_256x4/image_105,0.05,0.05,0.0120191574096679,"AttackEstimationModule (PGDAttack (iterations=10, step_size=0.01, randomise=False))"
105,/gpfs/work2/0/prjs1681/models/testing/mnist-net_256x4.onnx,106,2,/gpfs/home2/jvrijn/code/hiwi_code/henba1_VERONA/VERONA/src/ada_verona/robustness_experiment_box/experiment/PGDattack_28-08-2025+18_57/tmp/mnist-net_256x4/image_106,0.05,0.05,0.0116713047027587,"AttackEstimationModule (PGDAttack (iterations=10, step_size=0.01, randomise=False))"
106,/gpfs/work2/0/prjs1681/models/testing/mnist-net_256x4.onnx,107,1,/gpfs/home2/jvrijn/code/hiwi_code/henba1_VERONA/VERONA/src/ada_verona/robustness_experiment_box/experiment/PGDattack_28-08-2025+18_57/tmp/mnist-net_256x4/image_107,0.05,0.05,0.0119106769561767,"AttackEstimationModule (PGDAttack (iterations=10, step_size=0.01, randomise=False))"
107,/gpfs/work2/0/prjs1681/models/testing/mnist-net_256x4.onnx,108,9,/gpfs/home2/jvrijn/code/hiwi_code/henba1_VERONA/VERONA/src/ada_verona/robustness_experiment_box/experiment/PGDattack_28-08-2025+18_57/tmp/mnist-net_256x4/image_108,0.05,0.05,0.0105488300323486,"AttackEstimationModule (PGDAttack (iterations=10, step_size=0.01, randomise=False))"
108,/gpfs/work2/0/prjs1681/models/testing/mnist-net_256x4.onnx,109,4,/gpfs/home2/jvrijn/code/hiwi_code/henba1_VERONA/VERONA/src/ada_verona/robustness_experiment_box/experiment/PGDattack_28-08-2025+18_57/tmp/mnist-net_256x4/image_109,0.05,0.05,0.0121726989746093,"AttackEstimationModule (PGDAttack (iterations=10, step_size=0.01, randomise=False))"
109,/gpfs/work2/0/prjs1681/models/testing/mnist-net_256x4.onnx,110,8,/gpfs/home2/jvrijn/code/hiwi_code/henba1_VERONA/VERONA/src/ada_verona/robustness_experiment_box/experiment/PGDattack_28-08-2025+18_57/tmp/mnist-net_256x4/image_110,0.05,0.05,0.0107481479644775,"AttackEstimationModule (PGDAttack (iterations=10, step_size=0.01, randomise=False))"
110,/gpfs/work2/0/prjs1681/models/testing/mnist-net_256x4.onnx,111,7,/gpfs/home2/jvrijn/code/hiwi_code/henba1_VERONA/VERONA/src/ada_verona/robustness_experiment_box/experiment/PGDattack_28-08-2025+18_57/tmp/mnist-net_256x4/image_111,0.0,0.05,0.0110225677490234,"AttackEstimationModule (PGDAttack (iterations=10, step_size=0.01, randomise=False))"
111,/gpfs/work2/0/prjs1681/models/testing/mnist-net_256x4.onnx,112,3,/gpfs/home2/jvrijn/code/hiwi_code/henba1_VERONA/VERONA/src/ada_verona/robustness_experiment_box/experiment/PGDattack_28-08-2025+18_57/tmp/mnist-net_256x4/image_112,0.05,0.05,0.0127537250518798,"AttackEstimationModule (PGDAttack (iterations=10, step_size=0.01, randomise=False))"
112,/gpfs/work2/0/prjs1681/models/testing/mnist-net_256x4.onnx,113,9,/gpfs/home2/jvrijn/code/hiwi_code/henba1_VERONA/VERONA/src/ada_verona/robustness_experiment_box/experiment/PGDattack_28-08-2025+18_57/tmp/mnist-net_256x4/image_113,0.05,0.05,0.0113763809204101,"AttackEstimationModule (PGDAttack (iterations=10, step_size=0.01, randomise=False))"
113,/gpfs/work2/0/prjs1681/models/testing/mnist-net_256x4.onnx,114,7,/gpfs/home2/jvrijn/code/hiwi_code/henba1_VERONA/VERONA/src/ada_verona/robustness_experiment_box/experiment/PGDattack_28-08-2025+18_57/tmp/mnist-net_256x4/image_114,0.0,0.05,0.0107045173645019,"AttackEstimationModule (PGDAttack (iterations=10, step_size=0.01, randomise=False))"
114,/gpfs/work2/0/prjs1681/models/testing/mnist-net_256x4.onnx,116,4,/gpfs/home2/jvrijn/code/hiwi_code/henba1_VERONA/VERONA/src/ada_verona/robustness_experiment_box/experiment/PGDattack_28-08-2025+18_57/tmp/mnist-net_256x4/image_116,0.05,0.05,0.0104696750640869,"AttackEstimationModule (PGDAttack (iterations=10, step_size=0.01, randomise=False))"
115,/gpfs/work2/0/prjs1681/models/testing/mnist-net_256x4.onnx,117,4,/gpfs/home2/jvrijn/code/hiwi_code/henba1_VERONA/VERONA/src/ada_verona/robustness_experiment_box/experiment/PGDattack_28-08-2025+18_57/tmp/mnist-net_256x4/image_117,0.05,0.05,0.0107505321502685,"AttackEstimationModule (PGDAttack (iterations=10, step_size=0.01, randomise=False))"
116,/gpfs/work2/0/prjs1681/models/testing/mnist-net_256x4.onnx,118,9,/gpfs/home2/jvrijn/code/hiwi_code/henba1_VERONA/VERONA/src/ada_verona/robustness_experiment_box/experiment/PGDattack_28-08-2025+18_57/tmp/mnist-net_256x4/image_118,0.05,0.05,0.0109601020812988,"AttackEstimationModule (PGDAttack (iterations=10, step_size=0.01, randomise=False))"
117,/gpfs/work2/0/prjs1681/models/testing/mnist-net_256x4.onnx,119,2,/gpfs/home2/jvrijn/code/hiwi_code/henba1_VERONA/VERONA/src/ada_verona/robustness_experiment_box/experiment/PGDattack_28-08-2025+18_57/tmp/mnist-net_256x4/image_119,0.05,0.05,0.0107867717742919,"AttackEstimationModule (PGDAttack (iterations=10, step_size=0.01, randomise=False))"
118,/gpfs/work2/0/prjs1681/models/testing/mnist-net_256x4.onnx,120,5,/gpfs/home2/jvrijn/code/hiwi_code/henba1_VERONA/VERONA/src/ada_verona/robustness_experiment_box/experiment/PGDattack_28-08-2025+18_57/tmp/mnist-net_256x4/image_120,0.05,0.05,0.0105319023132324,"AttackEstimationModule (PGDAttack (iterations=10, step_size=0.01, randomise=False))"
119,/gpfs/work2/0/prjs1681/models/testing/mnist-net_256x4.onnx,121,4,/gpfs/home2/jvrijn/code/hiwi_code/henba1_VERONA/VERONA/src/ada_verona/robustness_experiment_box/experiment/PGDattack_28-08-2025+18_57/tmp/mnist-net_256x4/image_121,0.0,0.05,0.0107548236846923,"AttackEstimationModule (PGDAttack (iterations=10, step_size=0.01, randomise=False))"
120,/gpfs/work2/0/prjs1681/models/testing/mnist-net_256x4.onnx,122,7,/gpfs/home2/jvrijn/code/hiwi_code/henba1_VERONA/VERONA/src/ada_verona/robustness_experiment_box/experiment/PGDattack_28-08-2025+18_57/tmp/mnist-net_256x4/image_122,0.05,0.05,0.0107851028442382,"AttackEstimationModule (PGDAttack (iterations=10, step_size=0.01, randomise=False))"
121,/gpfs/work2/0/prjs1681/models/testing/mnist-net_256x4.onnx,123,6,/gpfs/home2/jvrijn/code/hiwi_code/henba1_VERONA/VERONA/src/ada_verona/robustness_experiment_box/experiment/PGDattack_28-08-2025+18_57/tmp/mnist-net_256x4/image_123,0.05,0.05,0.0109457969665527,"AttackEstimationModule (PGDAttack (iterations=10, step_size=0.01, randomise=False))"
122,/gpfs/work2/0/prjs1681/models/testing/mnist-net_256x4.onnx,124,7,/gpfs/home2/jvrijn/code/hiwi_code/henba1_VERONA/VERONA/src/ada_verona/robustness_experiment_box/experiment/PGDattack_28-08-2025+18_57/tmp/mnist-net_256x4/image_124,0.0,0.05,0.0112075805664062,"AttackEstimationModule (PGDAttack (iterations=10, step_size=0.01, randomise=False))"
123,/gpfs/work2/0/prjs1681/models/testing/mnist-net_256x4.onnx,125,9,/gpfs/home2/jvrijn/code/hiwi_code/henba1_VERONA/VERONA/src/ada_verona/robustness_experiment_box/experiment/PGDattack_28-08-2025+18_57/tmp/mnist-net_256x4/image_125,0.0,0.05,0.0110490322113037,"AttackEstimationModule (PGDAttack (iterations=10, step_size=0.01, randomise=False))"
124,/gpfs/work2/0/prjs1681/models/testing/mnist-net_256x4.onnx,126,0,/gpfs/home2/jvrijn/code/hiwi_code/henba1_VERONA/VERONA/src/ada_verona/robustness_experiment_box/experiment/PGDattack_28-08-2025+18_57/tmp/mnist-net_256x4/image_126,0.05,0.05,0.0112593173980712,"AttackEstimationModule (PGDAttack (iterations=10, step_size=0.01, randomise=False))"
125,/gpfs/work2/0/prjs1681/models/testing/mnist-net_256x4.onnx,127,5,/gpfs/home2/jvrijn/code/hiwi_code/henba1_VERONA/VERONA/src/ada_verona/robustness_experiment_box/experiment/PGDattack_28-08-2025+18_57/tmp/mnist-net_256x4/image_127,0.05,0.05,0.0105097293853759,"AttackEstimationModule (PGDAttack (iterations=10, step_size=0.01, randomise=False))"
126,/gpfs/work2/0/prjs1681/models/testing/mnist-net_256x4.onnx,128,8,/gpfs/home2/jvrijn/code/hiwi_code/henba1_VERONA/VERONA/src/ada_verona/robustness_experiment_box/experiment/PGDattack_28-08-2025+18_57/tmp/mnist-net_256x4/image_128,0.05,0.05,0.0105328559875488,"AttackEstimationModule (PGDAttack (iterations=10, step_size=0.01, randomise=False))"
127,/gpfs/work2/0/prjs1681/models/testing/mnist-net_256x4.onnx,129,5,/gpfs/home2/jvrijn/code/hiwi_code/henba1_VERONA/VERONA/src/ada_verona/robustness_experiment_box/experiment/PGDattack_28-08-2025+18_57/tmp/mnist-net_256x4/image_129,0.05,0.05,0.0144753456115722,"AttackEstimationModule (PGDAttack (iterations=10, step_size=0.01, randomise=False))"
128,/gpfs/work2/0/prjs1681/models/testing/mnist-net_256x4.onnx,130,6,/gpfs/home2/jvrijn/code/hiwi_code/henba1_VERONA/VERONA/src/ada_verona/robustness_experiment_box/experiment/PGDattack_28-08-2025+18_57/tmp/mnist-net_256x4/image_130,0.05,0.05,0.0110998153686523,"AttackEstimationModule (PGDAttack (iterations=10, step_size=0.01, randomise=False))"
129,/gpfs/work2/0/prjs1681/models/testing/mnist-net_256x4.onnx,131,6,/gpfs/home2/jvrijn/code/hiwi_code/henba1_VERONA/VERONA/src/ada_verona/robustness_experiment_box/experiment/PGDattack_28-08-2025+18_57/tmp/mnist-net_256x4/image_131,0.05,0.05,0.0107183456420898,"AttackEstimationModule (PGDAttack (iterations=10, step_size=0.01, randomise=False))"
130,/gpfs/work2/0/prjs1681/models/testing/mnist-net_256x4.onnx,132,5,/gpfs/home2/jvrijn/code/hiwi_code/henba1_VERONA/VERONA/src/ada_verona/robustness_experiment_box/experiment/PGDattack_28-08-2025+18_57/tmp/mnist-net_256x4/image_132,0.05,0.05,0.0109267234802246,"AttackEstimationModule (PGDAttack (iterations=10, step_size=0.01, randomise=False))"
131,/gpfs/work2/0/prjs1681/models/testing/mnist-net_256x4.onnx,133,7,/gpfs/home2/jvrijn/code/hiwi_code/henba1_VERONA/VERONA/src/ada_verona/robustness_experiment_box/experiment/PGDattack_28-08-2025+18_57/tmp/mnist-net_256x4/image_133,0.05,0.05,0.0106587409973144,"AttackEstimationModule (PGDAttack (iterations=10, step_size=0.01, randomise=False))"
132,/gpfs/work2/0/prjs1681/models/testing/mnist-net_256x4.onnx,134,8,/gpfs/home2/jvrijn/code/hiwi_code/henba1_VERONA/VERONA/src/ada_verona/robustness_experiment_box/experiment/PGDattack_28-08-2025+18_57/tmp/mnist-net_256x4/image_134,0.05,0.05,0.0106589794158935,"AttackEstimationModule (PGDAttack (iterations=10, step_size=0.01, randomise=False))"
133,/gpfs/work2/0/prjs1681/models/testing/mnist-net_256x4.onnx,135,1,/gpfs/home2/jvrijn/code/hiwi_code/henba1_VERONA/VERONA/src/ada_verona/robustness_experiment_box/experiment/PGDattack_28-08-2025+18_57/tmp/mnist-net_256x4/image_135,0.05,0.05,0.0105013847351074,"AttackEstimationModule (PGDAttack (iterations=10, step_size=0.01, randomise=False))"
134,/gpfs/work2/0/prjs1681/models/testing/mnist-net_256x4.onnx,136,0,/gpfs/home2/jvrijn/code/hiwi_code/henba1_VERONA/VERONA/src/ada_verona/robustness_experiment_box/experiment/PGDattack_28-08-2025+18_57/tmp/mnist-net_256x4/image_136,0.05,0.05,0.0105135440826416,"AttackEstimationModule (PGDAttack (iterations=10, step_size=0.01, randomise=False))"
135,/gpfs/work2/0/prjs1681/models/testing/mnist-net_256x4.onnx,137,1,/gpfs/home2/jvrijn/code/hiwi_code/henba1_VERONA/VERONA/src/ada_verona/robustness_experiment_box/experiment/PGDattack_28-08-2025+18_57/tmp/mnist-net_256x4/image_137,0.05,0.05,0.0111095905303955,"AttackEstimationModule (PGDAttack (iterations=10, step_size=0.01, randomise=False))"
136,/gpfs/work2/0/prjs1681/models/testing/mnist-net_256x4.onnx,138,6,/gpfs/home2/jvrijn/code/hiwi_code/henba1_VERONA/VERONA/src/ada_verona/robustness_experiment_box/experiment/PGDattack_28-08-2025+18_57/tmp/mnist-net_256x4/image_138,0.05,0.05,0.0108504295349121,"AttackEstimationModule (PGDAttack (iterations=10, step_size=0.01, randomise=False))"
137,/gpfs/work2/0/prjs1681/models/testing/mnist-net_256x4.onnx,139,4,/gpfs/home2/jvrijn/code/hiwi_code/henba1_VERONA/VERONA/src/ada_verona/robustness_experiment_box/experiment/PGDattack_28-08-2025+18_57/tmp/mnist-net_256x4/image_139,0.0,0.05,0.0112257003784179,"AttackEstimationModule (PGDAttack (iterations=10, step_size=0.01, randomise=False))"
138,/gpfs/work2/0/prjs1681/models/testing/mnist-net_256x4.onnx,140,6,/gpfs/home2/jvrijn/code/hiwi_code/henba1_VERONA/VERONA/src/ada_verona/robustness_experiment_box/experiment/PGDattack_28-08-2025+18_57/tmp/mnist-net_256x4/image_140,0.05,0.05,0.0105166435241699,"AttackEstimationModule (PGDAttack (iterations=10, step_size=0.01, randomise=False))"
139,/gpfs/work2/0/prjs1681/models/testing/mnist-net_256x4.onnx,141,7,/gpfs/home2/jvrijn/code/hiwi_code/henba1_VERONA/VERONA/src/ada_verona/robustness_experiment_box/experiment/PGDattack_28-08-2025+18_57/tmp/mnist-net_256x4/image_141,0.05,0.05,0.0105633735656738,"AttackEstimationModule (PGDAttack (iterations=10, step_size=0.01, randomise=False))"
140,/gpfs/work2/0/prjs1681/models/testing/mnist-net_256x4.onnx,142,3,/gpfs/home2/jvrijn/code/hiwi_code/henba1_VERONA/VERONA/src/ada_verona/robustness_experiment_box/experiment/PGDattack_28-08-2025+18_57/tmp/mnist-net_256x4/image_142,0.0,0.05,0.0113294124603271,"AttackEstimationModule (PGDAttack (iterations=10, step_size=0.01, randomise=False))"
141,/gpfs/work2/0/prjs1681/models/testing/mnist-net_256x4.onnx,143,1,/gpfs/home2/jvrijn/code/hiwi_code/henba1_VERONA/VERONA/src/ada_verona/robustness_experiment_box/experiment/PGDattack_28-08-2025+18_57/tmp/mnist-net_256x4/image_143,0.05,0.05,0.0106387138366699,"AttackEstimationModule (PGDAttack (iterations=10, step_size=0.01, randomise=False))"
142,/gpfs/work2/0/prjs1681/models/testing/mnist-net_256x4.onnx,144,7,/gpfs/home2/jvrijn/code/hiwi_code/henba1_VERONA/VERONA/src/ada_verona/robustness_experiment_box/experiment/PGDattack_28-08-2025+18_57/tmp/mnist-net_256x4/image_144,0.0,0.05,0.0105960369110107,"AttackEstimationModule (PGDAttack (iterations=10, step_size=0.01, randomise=False))"
143,/gpfs/work2/0/prjs1681/models/testing/mnist-net_256x4.onnx,145,1,/gpfs/home2/jvrijn/code/hiwi_code/henba1_VERONA/VERONA/src/ada_verona/robustness_experiment_box/experiment/PGDattack_28-08-2025+18_57/tmp/mnist-net_256x4/image_145,0.05,0.05,0.0103516578674316,"AttackEstimationModule (PGDAttack (iterations=10, step_size=0.01, randomise=False))"
144,/gpfs/work2/0/prjs1681/models/testing/mnist-net_256x4.onnx,146,8,/gpfs/home2/jvrijn/code/hiwi_code/henba1_VERONA/VERONA/src/ada_verona/robustness_experiment_box/experiment/PGDattack_28-08-2025+18_57/tmp/mnist-net_256x4/image_146,0.05,0.05,0.010587453842163,"AttackEstimationModule (PGDAttack (iterations=10, step_size=0.01, randomise=False))"
145,/gpfs/work2/0/prjs1681/models/testing/mnist-net_256x4.onnx,147,2,/gpfs/home2/jvrijn/code/hiwi_code/henba1_VERONA/VERONA/src/ada_verona/robustness_experiment_box/experiment/PGDattack_28-08-2025+18_57/tmp/mnist-net_256x4/image_147,0.05,0.05,0.010695457458496,"AttackEstimationModule (PGDAttack (iterations=10, step_size=0.01, randomise=False))"
146,/gpfs/work2/0/prjs1681/models/testing/mnist-net_256x4.onnx,148,0,/gpfs/home2/jvrijn/code/hiwi_code/henba1_VERONA/VERONA/src/ada_verona/robustness_experiment_box/experiment/PGDattack_28-08-2025+18_57/tmp/mnist-net_256x4/image_148,0.05,0.05,0.0104966163635253,"AttackEstimationModule (PGDAttack (iterations=10, step_size=0.01, randomise=False))"
147,/gpfs/work2/0/prjs1681/models/testing/mnist-net_256x4.onnx,150,9,/gpfs/home2/jvrijn/code/hiwi_code/henba1_VERONA/VERONA/src/ada_verona/robustness_experiment_box/experiment/PGDattack_28-08-2025+18_57/tmp/mnist-net_256x4/image_150,0.05,0.05,0.0105030536651611,"AttackEstimationModule (PGDAttack (iterations=10, step_size=0.01, randomise=False))"
148,/gpfs/work2/0/prjs1681/models/testing/mnist-net_256x4.onnx,152,5,/gpfs/home2/jvrijn/code/hiwi_code/henba1_VERONA/VERONA/src/ada_verona/robustness_experiment_box/experiment/PGDattack_28-08-2025+18_57/tmp/mnist-net_256x4/image_152,0.05,0.05,0.0112955570220947,"AttackEstimationModule (PGDAttack (iterations=10, step_size=0.01, randomise=False))"
149,/gpfs/work2/0/prjs1681/models/testing/mnist-net_256x4.onnx,153,5,/gpfs/home2/jvrijn/code/hiwi_code/henba1_VERONA/VERONA/src/ada_verona/robustness_experiment_box/experiment/PGDattack_28-08-2025+18_57/tmp/mnist-net_256x4/image_153,0.05,0.05,0.0110204219818115,"AttackEstimationModule (PGDAttack (iterations=10, step_size=0.01, randomise=False))"
150,/gpfs/work2/0/prjs1681/models/testing/mnist-net_256x4.onnx,154,1,/gpfs/home2/jvrijn/code/hiwi_code/henba1_VERONA/VERONA/src/ada_verona/robustness_experiment_box/experiment/PGDattack_28-08-2025+18_57/tmp/mnist-net_256x4/image_154,0.05,0.05,0.0110790729522705,"AttackEstimationModule (PGDAttack (iterations=10, step_size=0.01, randomise=False))"
151,/gpfs/work2/0/prjs1681/models/testing/mnist-net_256x4.onnx,155,5,/gpfs/home2/jvrijn/code/hiwi_code/henba1_VERONA/VERONA/src/ada_verona/robustness_experiment_box/experiment/PGDattack_28-08-2025+18_57/tmp/mnist-net_256x4/image_155,0.05,0.05,0.0109295845031738,"AttackEstimationModule (PGDAttack (iterations=10, step_size=0.01, randomise=False))"
152,/gpfs/work2/0/prjs1681/models/testing/mnist-net_256x4.onnx,156,6,/gpfs/home2/jvrijn/code/hiwi_code/henba1_VERONA/VERONA/src/ada_verona/robustness_experiment_box/experiment/PGDattack_28-08-2025+18_57/tmp/mnist-net_256x4/image_156,0.05,0.05,0.0107131004333496,"AttackEstimationModule (PGDAttack (iterations=10, step_size=0.01, randomise=False))"
153,/gpfs/work2/0/prjs1681/models/testing/mnist-net_256x4.onnx,157,0,/gpfs/home2/jvrijn/code/hiwi_code/henba1_VERONA/VERONA/src/ada_verona/robustness_experiment_box/experiment/PGDattack_28-08-2025+18_57/tmp/mnist-net_256x4/image_157,0.05,0.05,0.0115942955017089,"AttackEstimationModule (PGDAttack (iterations=10, step_size=0.01, randomise=False))"
154,/gpfs/work2/0/prjs1681/models/testing/mnist-net_256x4.onnx,158,3,/gpfs/home2/jvrijn/code/hiwi_code/henba1_VERONA/VERONA/src/ada_verona/robustness_experiment_box/experiment/PGDattack_28-08-2025+18_57/tmp/mnist-net_256x4/image_158,0.0,0.05,0.0113625526428222,"AttackEstimationModule (PGDAttack (iterations=10, step_size=0.01, randomise=False))"
155,/gpfs/work2/0/prjs1681/models/testing/mnist-net_256x4.onnx,159,4,/gpfs/home2/jvrijn/code/hiwi_code/henba1_VERONA/VERONA/src/ada_verona/robustness_experiment_box/experiment/PGDattack_28-08-2025+18_57/tmp/mnist-net_256x4/image_159,0.0,0.05,0.0107409954071044,"AttackEstimationModule (PGDAttack (iterations=10, step_size=0.01, randomise=False))"
156,/gpfs/work2/0/prjs1681/models/testing/mnist-net_256x4.onnx,160,4,/gpfs/home2/jvrijn/code/hiwi_code/henba1_VERONA/VERONA/src/ada_verona/robustness_experiment_box/experiment/PGDattack_28-08-2025+18_57/tmp/mnist-net_256x4/image_160,0.0,0.05,0.0105237960815429,"AttackEstimationModule (PGDAttack (iterations=10, step_size=0.01, randomise=False))"
157,/gpfs/work2/0/prjs1681/models/testing/mnist-net_256x4.onnx,161,6,/gpfs/home2/jvrijn/code/hiwi_code/henba1_VERONA/VERONA/src/ada_verona/robustness_experiment_box/experiment/PGDattack_28-08-2025+18_57/tmp/mnist-net_256x4/image_161,0.05,0.05,0.0105550289154052,"AttackEstimationModule (PGDAttack (iterations=10, step_size=0.01, randomise=False))"
158,/gpfs/work2/0/prjs1681/models/testing/mnist-net_256x4.onnx,162,5,/gpfs/home2/jvrijn/code/hiwi_code/henba1_VERONA/VERONA/src/ada_verona/robustness_experiment_box/experiment/PGDattack_28-08-2025+18_57/tmp/mnist-net_256x4/image_162,0.05,0.05,0.0107715129852294,"AttackEstimationModule (PGDAttack (iterations=10, step_size=0.01, randomise=False))"
159,/gpfs/work2/0/prjs1681/models/testing/mnist-net_256x4.onnx,163,4,/gpfs/home2/jvrijn/code/hiwi_code/henba1_VERONA/VERONA/src/ada_verona/robustness_experiment_box/experiment/PGDattack_28-08-2025+18_57/tmp/mnist-net_256x4/image_163,0.05,0.05,0.0107896327972412,"AttackEstimationModule (PGDAttack (iterations=10, step_size=0.01, randomise=False))"
160,/gpfs/work2/0/prjs1681/models/testing/mnist-net_256x4.onnx,164,6,/gpfs/home2/jvrijn/code/hiwi_code/henba1_VERONA/VERONA/src/ada_verona/robustness_experiment_box/experiment/PGDattack_28-08-2025+18_57/tmp/mnist-net_256x4/image_164,0.05,0.05,0.0110316276550292,"AttackEstimationModule (PGDAttack (iterations=10, step_size=0.01, randomise=False))"
161,/gpfs/work2/0/prjs1681/models/testing/mnist-net_256x4.onnx,165,5,/gpfs/home2/jvrijn/code/hiwi_code/henba1_VERONA/VERONA/src/ada_verona/robustness_experiment_box/experiment/PGDattack_28-08-2025+18_57/tmp/mnist-net_256x4/image_165,0.05,0.05,0.0110607147216796,"AttackEstimationModule (PGDAttack (iterations=10, step_size=0.01, randomise=False))"
162,/gpfs/work2/0/prjs1681/models/testing/mnist-net_256x4.onnx,166,4,/gpfs/home2/jvrijn/code/hiwi_code/henba1_VERONA/VERONA/src/ada_verona/robustness_experiment_box/experiment/PGDattack_28-08-2025+18_57/tmp/mnist-net_256x4/image_166,0.05,0.05,0.0108709335327148,"AttackEstimationModule (PGDAttack (iterations=10, step_size=0.01, randomise=False))"
163,/gpfs/work2/0/prjs1681/models/testing/mnist-net_256x4.onnx,167,5,/gpfs/home2/jvrijn/code/hiwi_code/henba1_VERONA/VERONA/src/ada_verona/robustness_experiment_box/experiment/PGDattack_28-08-2025+18_57/tmp/mnist-net_256x4/image_167,0.05,0.05,0.0106897354125976,"AttackEstimationModule (PGDAttack (iterations=10, step_size=0.01, randomise=False))"
164,/gpfs/work2/0/prjs1681/models/testing/mnist-net_256x4.onnx,168,1,/gpfs/home2/jvrijn/code/hiwi_code/henba1_VERONA/VERONA/src/ada_verona/robustness_experiment_box/experiment/PGDattack_28-08-2025+18_57/tmp/mnist-net_256x4/image_168,0.05,0.05,0.0105366706848144,"AttackEstimationModule (PGDAttack (iterations=10, step_size=0.01, randomise=False))"
165,/gpfs/work2/0/prjs1681/models/testing/mnist-net_256x4.onnx,169,4,/gpfs/home2/jvrijn/code/hiwi_code/henba1_VERONA/VERONA/src/ada_verona/robustness_experiment_box/experiment/PGDattack_28-08-2025+18_57/tmp/mnist-net_256x4/image_169,0.05,0.05,0.0101222991943359,"AttackEstimationModule (PGDAttack (iterations=10, step_size=0.01, randomise=False))"
166,/gpfs/work2/0/prjs1681/models/testing/mnist-net_256x4.onnx,170,4,/gpfs/home2/jvrijn/code/hiwi_code/henba1_VERONA/VERONA/src/ada_verona/robustness_experiment_box/experiment/PGDattack_28-08-2025+18_57/tmp/mnist-net_256x4/image_170,0.05,0.05,0.0104842185974121,"AttackEstimationModule (PGDAttack (iterations=10, step_size=0.01, randomise=False))"
167,/gpfs/work2/0/prjs1681/models/testing/mnist-net_256x4.onnx,171,7,/gpfs/home2/jvrijn/code/hiwi_code/henba1_VERONA/VERONA/src/ada_verona/robustness_experiment_box/experiment/PGDattack_28-08-2025+18_57/tmp/mnist-net_256x4/image_171,0.05,0.05,0.0101425647735595,"AttackEstimationModule (PGDAttack (iterations=10, step_size=0.01, randomise=False))"
168,/gpfs/work2/0/prjs1681/models/testing/mnist-net_256x4.onnx,172,2,/gpfs/home2/jvrijn/code/hiwi_code/henba1_VERONA/VERONA/src/ada_verona/robustness_experiment_box/experiment/PGDattack_28-08-2025+18_57/tmp/mnist-net_256x4/image_172,0.05,0.05,0.0101039409637451,"AttackEstimationModule (PGDAttack (iterations=10, step_size=0.01, randomise=False))"
169,/gpfs/work2/0/prjs1681/models/testing/mnist-net_256x4.onnx,173,3,/gpfs/home2/jvrijn/code/hiwi_code/henba1_VERONA/VERONA/src/ada_verona/robustness_experiment_box/experiment/PGDattack_28-08-2025+18_57/tmp/mnist-net_256x4/image_173,0.0,0.05,0.0102429389953613,"AttackEstimationModule (PGDAttack (iterations=10, step_size=0.01, randomise=False))"
170,/gpfs/work2/0/prjs1681/models/testing/mnist-net_256x4.onnx,174,2,/gpfs/home2/jvrijn/code/hiwi_code/henba1_VERONA/VERONA/src/ada_verona/robustness_experiment_box/experiment/PGDattack_28-08-2025+18_57/tmp/mnist-net_256x4/image_174,0.05,0.05,0.010115623474121,"AttackEstimationModule (PGDAttack (iterations=10, step_size=0.01, randomise=False))"
171,/gpfs/work2/0/prjs1681/models/testing/mnist-net_256x4.onnx,175,7,/gpfs/home2/jvrijn/code/hiwi_code/henba1_VERONA/VERONA/src/ada_verona/robustness_experiment_box/experiment/PGDattack_28-08-2025+18_57/tmp/mnist-net_256x4/image_175,0.0,0.05,0.0101416110992431,"AttackEstimationModule (PGDAttack (iterations=10, step_size=0.01, randomise=False))"
172,/gpfs/work2/0/prjs1681/models/testing/mnist-net_256x4.onnx,176,1,/gpfs/home2/jvrijn/code/hiwi_code/henba1_VERONA/VERONA/src/ada_verona/robustness_experiment_box/experiment/PGDattack_28-08-2025+18_57/tmp/mnist-net_256x4/image_176,0.05,0.05,0.0102481842041015,"AttackEstimationModule (PGDAttack (iterations=10, step_size=0.01, randomise=False))"
173,/gpfs/work2/0/prjs1681/models/testing/mnist-net_256x4.onnx,177,8,/gpfs/home2/jvrijn/code/hiwi_code/henba1_VERONA/VERONA/src/ada_verona/robustness_experiment_box/experiment/PGDattack_28-08-2025+18_57/tmp/mnist-net_256x4/image_177,0.0,0.05,0.0109965801239013,"AttackEstimationModule (PGDAttack (iterations=10, step_size=0.01, randomise=False))"
174,/gpfs/work2/0/prjs1681/models/testing/mnist-net_256x4.onnx,178,1,/gpfs/home2/jvrijn/code/hiwi_code/henba1_VERONA/VERONA/src/ada_verona/robustness_experiment_box/experiment/PGDattack_28-08-2025+18_57/tmp/mnist-net_256x4/image_178,0.05,0.05,0.0101807117462158,"AttackEstimationModule (PGDAttack (iterations=10, step_size=0.01, randomise=False))"
175,/gpfs/work2/0/prjs1681/models/testing/mnist-net_256x4.onnx,179,8,/gpfs/home2/jvrijn/code/hiwi_code/henba1_VERONA/VERONA/src/ada_verona/robustness_experiment_box/experiment/PGDattack_28-08-2025+18_57/tmp/mnist-net_256x4/image_179,0.05,0.05,0.0102462768554687,"AttackEstimationModule (PGDAttack (iterations=10, step_size=0.01, randomise=False))"
176,/gpfs/work2/0/prjs1681/models/testing/mnist-net_256x4.onnx,180,1,/gpfs/home2/jvrijn/code/hiwi_code/henba1_VERONA/VERONA/src/ada_verona/robustness_experiment_box/experiment/PGDattack_28-08-2025+18_57/tmp/mnist-net_256x4/image_180,0.05,0.05,0.0101687908172607,"AttackEstimationModule (PGDAttack (iterations=10, step_size=0.01, randomise=False))"
177,/gpfs/work2/0/prjs1681/models/testing/mnist-net_256x4.onnx,181,8,/gpfs/home2/jvrijn/code/hiwi_code/henba1_VERONA/VERONA/src/ada_verona/robustness_experiment_box/experiment/PGDattack_28-08-2025+18_57/tmp/mnist-net_256x4/image_181,0.05,0.05,0.0105457305908203,"AttackEstimationModule (PGDAttack (iterations=10, step_size=0.01, randomise=False))"
178,/gpfs/work2/0/prjs1681/models/testing/mnist-net_256x4.onnx,182,5,/gpfs/home2/jvrijn/code/hiwi_code/henba1_VERONA/VERONA/src/ada_verona/robustness_experiment_box/experiment/PGDattack_28-08-2025+18_57/tmp/mnist-net_256x4/image_182,0.05,0.05,0.0101809501647949,"AttackEstimationModule (PGDAttack (iterations=10, step_size=0.01, randomise=False))"
179,/gpfs/work2/0/prjs1681/models/testing/mnist-net_256x4.onnx,183,0,/gpfs/home2/jvrijn/code/hiwi_code/henba1_VERONA/VERONA/src/ada_verona/robustness_experiment_box/experiment/PGDattack_28-08-2025+18_57/tmp/mnist-net_256x4/image_183,0.05,0.05,0.01039719581604,"AttackEstimationModule (PGDAttack (iterations=10, step_size=0.01, randomise=False))"
180,/gpfs/work2/0/prjs1681/models/testing/mnist-net_256x4.onnx,184,8,/gpfs/home2/jvrijn/code/hiwi_code/henba1_VERONA/VERONA/src/ada_verona/robustness_experiment_box/experiment/PGDattack_28-08-2025+18_57/tmp/mnist-net_256x4/image_184,0.05,0.05,0.0103695392608642,"AttackEstimationModule (PGDAttack (iterations=10, step_size=0.01, randomise=False))"
181,/gpfs/work2/0/prjs1681/models/testing/mnist-net_256x4.onnx,185,9,/gpfs/home2/jvrijn/code/hiwi_code/henba1_VERONA/VERONA/src/ada_verona/robustness_experiment_box/experiment/PGDattack_28-08-2025+18_57/tmp/mnist-net_256x4/image_185,0.05,0.05,0.010183572769165,"AttackEstimationModule (PGDAttack (iterations=10, step_size=0.01, randomise=False))"
182,/gpfs/work2/0/prjs1681/models/testing/mnist-net_256x4.onnx,186,2,/gpfs/home2/jvrijn/code/hiwi_code/henba1_VERONA/VERONA/src/ada_verona/robustness_experiment_box/experiment/PGDattack_28-08-2025+18_57/tmp/mnist-net_256x4/image_186,0.05,0.05,0.0102021694183349,"AttackEstimationModule (PGDAttack (iterations=10, step_size=0.01, randomise=False))"
183,/gpfs/work2/0/prjs1681/models/testing/mnist-net_256x4.onnx,187,5,/gpfs/home2/jvrijn/code/hiwi_code/henba1_VERONA/VERONA/src/ada_verona/robustness_experiment_box/experiment/PGDattack_28-08-2025+18_57/tmp/mnist-net_256x4/image_187,0.05,0.05,0.0100934505462646,"AttackEstimationModule (PGDAttack (iterations=10, step_size=0.01, randomise=False))"
184,/gpfs/work2/0/prjs1681/models/testing/mnist-net_256x4.onnx,188,0,/gpfs/home2/jvrijn/code/hiwi_code/henba1_VERONA/VERONA/src/ada_verona/robustness_experiment_box/experiment/PGDattack_28-08-2025+18_57/tmp/mnist-net_256x4/image_188,0.05,0.05,0.0101747512817382,"AttackEstimationModule (PGDAttack (iterations=10, step_size=0.01, randomise=False))"
185,/gpfs/work2/0/prjs1681/models/testing/mnist-net_256x4.onnx,189,1,/gpfs/home2/jvrijn/code/hiwi_code/henba1_VERONA/VERONA/src/ada_verona/robustness_experiment_box/experiment/PGDattack_28-08-2025+18_57/tmp/mnist-net_256x4/image_189,0.05,0.05,0.0102105140686035,"AttackEstimationModule (PGDAttack (iterations=10, step_size=0.01, randomise=False))"
186,/gpfs/work2/0/prjs1681/models/testing/mnist-net_256x4.onnx,190,1,/gpfs/home2/jvrijn/code/hiwi_code/henba1_VERONA/VERONA/src/ada_verona/robustness_experiment_box/experiment/PGDattack_28-08-2025+18_57/tmp/mnist-net_256x4/image_190,0.05,0.05,0.010085105895996,"AttackEstimationModule (PGDAttack (iterations=10, step_size=0.01, randomise=False))"
187,/gpfs/work2/0/prjs1681/models/testing/mnist-net_256x4.onnx,191,1,/gpfs/home2/jvrijn/code/hiwi_code/henba1_VERONA/VERONA/src/ada_verona/robustness_experiment_box/experiment/PGDattack_28-08-2025+18_57/tmp/mnist-net_256x4/image_191,0.05,0.05,0.0101349353790283,"AttackEstimationModule (PGDAttack (iterations=10, step_size=0.01, randomise=False))"
188,/gpfs/work2/0/prjs1681/models/testing/mnist-net_256x4.onnx,192,0,/gpfs/home2/jvrijn/code/hiwi_code/henba1_VERONA/VERONA/src/ada_verona/robustness_experiment_box/experiment/PGDattack_28-08-2025+18_57/tmp/mnist-net_256x4/image_192,0.05,0.05,0.0099902153015136,"AttackEstimationModule (PGDAttack (iterations=10, step_size=0.01, randomise=False))"
189,/gpfs/work2/0/prjs1681/models/testing/mnist-net_256x4.onnx,193,9,/gpfs/home2/jvrijn/code/hiwi_code/henba1_VERONA/VERONA/src/ada_verona/robustness_experiment_box/experiment/PGDattack_28-08-2025+18_57/tmp/mnist-net_256x4/image_193,0.05,0.05,0.0118007659912109,"AttackEstimationModule (PGDAttack (iterations=10, step_size=0.01, randomise=False))"
190,/gpfs/work2/0/prjs1681/models/testing/mnist-net_256x4.onnx,194,0,/gpfs/home2/jvrijn/code/hiwi_code/henba1_VERONA/VERONA/src/ada_verona/robustness_experiment_box/experiment/PGDattack_28-08-2025+18_57/tmp/mnist-net_256x4/image_194,0.05,0.05,0.010730504989624,"AttackEstimationModule (PGDAttack (iterations=10, step_size=0.01, randomise=False))"
191,/gpfs/work2/0/prjs1681/models/testing/mnist-net_256x4.onnx,195,3,/gpfs/home2/jvrijn/code/hiwi_code/henba1_VERONA/VERONA/src/ada_verona/robustness_experiment_box/experiment/PGDattack_28-08-2025+18_57/tmp/mnist-net_256x4/image_195,0.0,0.05,0.0104362964630126,"AttackEstimationModule (PGDAttack (iterations=10, step_size=0.01, randomise=False))"
192,/gpfs/work2/0/prjs1681/models/testing/mnist-net_256x4.onnx,196,1,/gpfs/home2/jvrijn/code/hiwi_code/henba1_VERONA/VERONA/src/ada_verona/robustness_experiment_box/experiment/PGDattack_28-08-2025+18_57/tmp/mnist-net_256x4/image_196,0.05,0.05,0.0105228424072265,"AttackEstimationModule (PGDAttack (iterations=10, step_size=0.01, randomise=False))"
193,/gpfs/work2/0/prjs1681/models/testing/mnist-net_256x4.onnx,197,6,/gpfs/home2/jvrijn/code/hiwi_code/henba1_VERONA/VERONA/src/ada_verona/robustness_experiment_box/experiment/PGDattack_28-08-2025+18_57/tmp/mnist-net_256x4/image_197,0.05,0.05,0.0107154846191406,"AttackEstimationModule (PGDAttack (iterations=10, step_size=0.01, randomise=False))"
194,/gpfs/work2/0/prjs1681/models/testing/mnist-net_256x4.onnx,198,4,/gpfs/home2/jvrijn/code/hiwi_code/henba1_VERONA/VERONA/src/ada_verona/robustness_experiment_box/experiment/PGDattack_28-08-2025+18_57/tmp/mnist-net_256x4/image_198,0.05,0.05,0.0106134414672851,"AttackEstimationModule (PGDAttack (iterations=10, step_size=0.01, randomise=False))"
195,/gpfs/work2/0/prjs1681/models/testing/mnist-net_256x4.onnx,199,2,/gpfs/home2/jvrijn/code/hiwi_code/henba1_VERONA/VERONA/src/ada_verona/robustness_experiment_box/experiment/PGDattack_28-08-2025+18_57/tmp/mnist-net_256x4/image_199,0.05,0.05,0.0110349655151367,"AttackEstimationModule (PGDAttack (iterations=10, step_size=0.01, randomise=False))"
196,/gpfs/work2/0/prjs1681/models/testing/mnist-net_256x4.onnx,200,3,/gpfs/home2/jvrijn/code/hiwi_code/henba1_VERONA/VERONA/src/ada_verona/robustness_experiment_box/experiment/PGDattack_28-08-2025+18_57/tmp/mnist-net_256x4/image_200,0.0,0.05,0.0105011463165283,"AttackEstimationModule (PGDAttack (iterations=10, step_size=0.01, randomise=False))"
197,/gpfs/work2/0/prjs1681/models/testing/mnist-net_256x4.onnx,201,6,/gpfs/home2/jvrijn/code/hiwi_code/henba1_VERONA/VERONA/src/ada_verona/robustness_experiment_box/experiment/PGDattack_28-08-2025+18_57/tmp/mnist-net_256x4/image_201,0.05,0.05,0.0106217861175537,"AttackEstimationModule (PGDAttack (iterations=10, step_size=0.01, randomise=False))"
198,/gpfs/work2/0/prjs1681/models/testing/mnist-net_256x4.onnx,202,1,/gpfs/home2/jvrijn/code/hiwi_code/henba1_VERONA/VERONA/src/ada_verona/robustness_experiment_box/experiment/PGDattack_28-08-2025+18_57/tmp/mnist-net_256x4/image_202,0.05,0.05,0.0104677677154541,"AttackEstimationModule (PGDAttack (iterations=10, step_size=0.01, randomise=False))"
199,/gpfs/work2/0/prjs1681/models/testing/mnist-net_256x4.onnx,203,1,/gpfs/home2/jvrijn/code/hiwi_code/henba1_VERONA/VERONA/src/ada_verona/robustness_experiment_box/experiment/PGDattack_28-08-2025+18_57/tmp/mnist-net_256x4/image_203,0.05,0.05,0.010451316833496,"AttackEstimationModule (PGDAttack (iterations=10, step_size=0.01, randomise=False))"
200,/gpfs/work2/0/prjs1681/models/testing/mnist-net_256x4.onnx,204,1,/gpfs/home2/jvrijn/code/hiwi_code/henba1_VERONA/VERONA/src/ada_verona/robustness_experiment_box/experiment/PGDattack_28-08-2025+18_57/tmp/mnist-net_256x4/image_204,0.05,0.05,0.010653018951416,"AttackEstimationModule (PGDAttack (iterations=10, step_size=0.01, randomise=False))"
201,/gpfs/work2/0/prjs1681/models/testing/mnist-net_256x4.onnx,205,3,/gpfs/home2/jvrijn/code/hiwi_code/henba1_VERONA/VERONA/src/ada_verona/robustness_experiment_box/experiment/PGDattack_28-08-2025+18_57/tmp/mnist-net_256x4/image_205,0.0,0.05,0.0104894638061523,"AttackEstimationModule (PGDAttack (iterations=10, step_size=0.01, randomise=False))"
202,/gpfs/work2/0/prjs1681/models/testing/mnist-net_256x4.onnx,206,9,/gpfs/home2/jvrijn/code/hiwi_code/henba1_VERONA/VERONA/src/ada_verona/robustness_experiment_box/experiment/PGDattack_28-08-2025+18_57/tmp/mnist-net_256x4/image_206,0.05,0.05,0.0104882717132568,"AttackEstimationModule (PGDAttack (iterations=10, step_size=0.01, randomise=False))"
203,/gpfs/work2/0/prjs1681/models/testing/mnist-net_256x4.onnx,207,5,/gpfs/home2/jvrijn/code/hiwi_code/henba1_VERONA/VERONA/src/ada_verona/robustness_experiment_box/experiment/PGDattack_28-08-2025+18_57/tmp/mnist-net_256x4/image_207,0.05,0.05,0.0104906558990478,"AttackEstimationModule (PGDAttack (iterations=10, step_size=0.01, randomise=False))"
204,/gpfs/work2/0/prjs1681/models/testing/mnist-net_256x4.onnx,208,2,/gpfs/home2/jvrijn/code/hiwi_code/henba1_VERONA/VERONA/src/ada_verona/robustness_experiment_box/experiment/PGDattack_28-08-2025+18_57/tmp/mnist-net_256x4/image_208,0.05,0.05,0.0119185447692871,"AttackEstimationModule (PGDAttack (iterations=10, step_size=0.01, randomise=False))"
205,/gpfs/work2/0/prjs1681/models/testing/mnist-net_256x4.onnx,209,9,/gpfs/home2/jvrijn/code/hiwi_code/henba1_VERONA/VERONA/src/ada_verona/robustness_experiment_box/experiment/PGDattack_28-08-2025+18_57/tmp/mnist-net_256x4/image_209,0.05,0.05,0.0106360912322998,"AttackEstimationModule (PGDAttack (iterations=10, step_size=0.01, randomise=False))"
206,/gpfs/work2/0/prjs1681/models/testing/mnist-net_256x4.onnx,210,4,/gpfs/home2/jvrijn/code/hiwi_code/henba1_VERONA/VERONA/src/ada_verona/robustness_experiment_box/experiment/PGDattack_28-08-2025+18_57/tmp/mnist-net_256x4/image_210,0.0,0.05,0.0106148719787597,"AttackEstimationModule (PGDAttack (iterations=10, step_size=0.01, randomise=False))"
207,/gpfs/work2/0/prjs1681/models/testing/mnist-net_256x4.onnx,211,5,/gpfs/home2/jvrijn/code/hiwi_code/henba1_VERONA/VERONA/src/ada_verona/robustness_experiment_box/experiment/PGDattack_28-08-2025+18_57/tmp/mnist-net_256x4/image_211,0.0,0.05,0.0106973648071289,"AttackEstimationModule (PGDAttack (iterations=10, step_size=0.01, randomise=False))"
208,/gpfs/work2/0/prjs1681/models/testing/mnist-net_256x4.onnx,212,9,/gpfs/home2/jvrijn/code/hiwi_code/henba1_VERONA/VERONA/src/ada_verona/robustness_experiment_box/experiment/PGDattack_28-08-2025+18_57/tmp/mnist-net_256x4/image_212,0.05,0.05,0.011207103729248,"AttackEstimationModule (PGDAttack (iterations=10, step_size=0.01, randomise=False))"
209,/gpfs/work2/0/prjs1681/models/testing/mnist-net_256x4.onnx,213,3,/gpfs/home2/jvrijn/code/hiwi_code/henba1_VERONA/VERONA/src/ada_verona/robustness_experiment_box/experiment/PGDattack_28-08-2025+18_57/tmp/mnist-net_256x4/image_213,0.05,0.05,0.0105297565460205,"AttackEstimationModule (PGDAttack (iterations=10, step_size=0.01, randomise=False))"
210,/gpfs/work2/0/prjs1681/models/testing/mnist-net_256x4.onnx,214,9,/gpfs/home2/jvrijn/code/hiwi_code/henba1_VERONA/VERONA/src/ada_verona/robustness_experiment_box/experiment/PGDattack_28-08-2025+18_57/tmp/mnist-net_256x4/image_214,0.05,0.05,0.0109245777130126,"AttackEstimationModule (PGDAttack (iterations=10, step_size=0.01, randomise=False))"
211,/gpfs/work2/0/prjs1681/models/testing/mnist-net_256x4.onnx,215,0,/gpfs/home2/jvrijn/code/hiwi_code/henba1_VERONA/VERONA/src/ada_verona/robustness_experiment_box/experiment/PGDattack_28-08-2025+18_57/tmp/mnist-net_256x4/image_215,0.05,0.05,0.0107464790344238,"AttackEstimationModule (PGDAttack (iterations=10, step_size=0.01, randomise=False))"
212,/gpfs/work2/0/prjs1681/models/testing/mnist-net_256x4.onnx,216,3,/gpfs/home2/jvrijn/code/hiwi_code/henba1_VERONA/VERONA/src/ada_verona/robustness_experiment_box/experiment/PGDattack_28-08-2025+18_57/tmp/mnist-net_256x4/image_216,0.05,0.05,0.0106596946716308,"AttackEstimationModule (PGDAttack (iterations=10, step_size=0.01, randomise=False))"
213,/gpfs/work2/0/prjs1681/models/testing/mnist-net_256x4.onnx,217,6,/gpfs/home2/jvrijn/code/hiwi_code/henba1_VERONA/VERONA/src/ada_verona/robustness_experiment_box/experiment/PGDattack_28-08-2025+18_57/tmp/mnist-net_256x4/image_217,0.0,0.05,0.0110418796539306,"AttackEstimationModule (PGDAttack (iterations=10, step_size=0.01, randomise=False))"
214,/gpfs/work2/0/prjs1681/models/testing/mnist-net_256x4.onnx,218,5,/gpfs/home2/jvrijn/code/hiwi_code/henba1_VERONA/VERONA/src/ada_verona/robustness_experiment_box/experiment/PGDattack_28-08-2025+18_57/tmp/mnist-net_256x4/image_218,0.0,0.05,0.0107505321502685,"AttackEstimationModule (PGDAttack (iterations=10, step_size=0.01, randomise=False))"
215,/gpfs/work2/0/prjs1681/models/testing/mnist-net_256x4.onnx,219,5,/gpfs/home2/jvrijn/code/hiwi_code/henba1_VERONA/VERONA/src/ada_verona/robustness_experiment_box/experiment/PGDattack_28-08-2025+18_57/tmp/mnist-net_256x4/image_219,0.05,0.05,0.0104427337646484,"AttackEstimationModule (PGDAttack (iterations=10, step_size=0.01, randomise=False))"
216,/gpfs/work2/0/prjs1681/models/testing/mnist-net_256x4.onnx,220,7,/gpfs/home2/jvrijn/code/hiwi_code/henba1_VERONA/VERONA/src/ada_verona/robustness_experiment_box/experiment/PGDattack_28-08-2025+18_57/tmp/mnist-net_256x4/image_220,0.05,0.05,0.0107069015502929,"AttackEstimationModule (PGDAttack (iterations=10, step_size=0.01, randomise=False))"
217,/gpfs/work2/0/prjs1681/models/testing/mnist-net_256x4.onnx,221,2,/gpfs/home2/jvrijn/code/hiwi_code/henba1_VERONA/VERONA/src/ada_verona/robustness_experiment_box/experiment/PGDattack_28-08-2025+18_57/tmp/mnist-net_256x4/image_221,0.05,0.05,0.0113914012908935,"AttackEstimationModule (PGDAttack (iterations=10, step_size=0.01, randomise=False))"
218,/gpfs/work2/0/prjs1681/models/testing/mnist-net_256x4.onnx,222,2,/gpfs/home2/jvrijn/code/hiwi_code/henba1_VERONA/VERONA/src/ada_verona/robustness_experiment_box/experiment/PGDattack_28-08-2025+18_57/tmp/mnist-net_256x4/image_222,0.05,0.05,0.0104520320892333,"AttackEstimationModule (PGDAttack (iterations=10, step_size=0.01, randomise=False))"
219,/gpfs/work2/0/prjs1681/models/testing/mnist-net_256x4.onnx,223,7,/gpfs/home2/jvrijn/code/hiwi_code/henba1_VERONA/VERONA/src/ada_verona/robustness_experiment_box/experiment/PGDattack_28-08-2025+18_57/tmp/mnist-net_256x4/image_223,0.05,0.05,0.0112242698669433,"AttackEstimationModule (PGDAttack (iterations=10, step_size=0.01, randomise=False))"
220,/gpfs/work2/0/prjs1681/models/testing/mnist-net_256x4.onnx,224,1,/gpfs/home2/jvrijn/code/hiwi_code/henba1_VERONA/VERONA/src/ada_verona/robustness_experiment_box/experiment/PGDattack_28-08-2025+18_57/tmp/mnist-net_256x4/image_224,0.05,0.05,0.0110769271850585,"AttackEstimationModule (PGDAttack (iterations=10, step_size=0.01, randomise=False))"
221,/gpfs/work2/0/prjs1681/models/testing/mnist-net_256x4.onnx,225,2,/gpfs/home2/jvrijn/code/hiwi_code/henba1_VERONA/VERONA/src/ada_verona/robustness_experiment_box/experiment/PGDattack_28-08-2025+18_57/tmp/mnist-net_256x4/image_225,0.0,0.05,0.0112640857696533,"AttackEstimationModule (PGDAttack (iterations=10, step_size=0.01, randomise=False))"
222,/gpfs/work2/0/prjs1681/models/testing/mnist-net_256x4.onnx,226,8,/gpfs/home2/jvrijn/code/hiwi_code/henba1_VERONA/VERONA/src/ada_verona/robustness_experiment_box/experiment/PGDattack_28-08-2025+18_57/tmp/mnist-net_256x4/image_226,0.05,0.05,0.0112218856811523,"AttackEstimationModule (PGDAttack (iterations=10, step_size=0.01, randomise=False))"
223,/gpfs/work2/0/prjs1681/models/testing/mnist-net_256x4.onnx,227,4,/gpfs/home2/jvrijn/code/hiwi_code/henba1_VERONA/VERONA/src/ada_verona/robustness_experiment_box/experiment/PGDattack_28-08-2025+18_57/tmp/mnist-net_256x4/image_227,0.05,0.05,0.0104825496673583,"AttackEstimationModule (PGDAttack (iterations=10, step_size=0.01, randomise=False))"
224,/gpfs/work2/0/prjs1681/models/testing/mnist-net_256x4.onnx,228,1,/gpfs/home2/jvrijn/code/hiwi_code/henba1_VERONA/VERONA/src/ada_verona/robustness_experiment_box/experiment/PGDattack_28-08-2025+18_57/tmp/mnist-net_256x4/image_228,0.05,0.05,0.0108458995819091,"AttackEstimationModule (PGDAttack (iterations=10, step_size=0.01, randomise=False))"
225,/gpfs/work2/0/prjs1681/models/testing/mnist-net_256x4.onnx,229,7,/gpfs/home2/jvrijn/code/hiwi_code/henba1_VERONA/VERONA/src/ada_verona/robustness_experiment_box/experiment/PGDattack_28-08-2025+18_57/tmp/mnist-net_256x4/image_229,0.0,0.05,0.0107696056365966,"AttackEstimationModule (PGDAttack (iterations=10, step_size=0.01, randomise=False))"
226,/gpfs/work2/0/prjs1681/models/testing/mnist-net_256x4.onnx,230,3,/gpfs/home2/jvrijn/code/hiwi_code/henba1_VERONA/VERONA/src/ada_verona/robustness_experiment_box/experiment/PGDattack_28-08-2025+18_57/tmp/mnist-net_256x4/image_230,0.05,0.05,0.0105354785919189,"AttackEstimationModule (PGDAttack (iterations=10, step_size=0.01, randomise=False))"
227,/gpfs/work2/0/prjs1681/models/testing/mnist-net_256x4.onnx,231,3,/gpfs/home2/jvrijn/code/hiwi_code/henba1_VERONA/VERONA/src/ada_verona/robustness_experiment_box/experiment/PGDattack_28-08-2025+18_57/tmp/mnist-net_256x4/image_231,0.05,0.05,0.0113255977630615,"AttackEstimationModule (PGDAttack (iterations=10, step_size=0.01, randomise=False))"
228,/gpfs/work2/0/prjs1681/models/testing/mnist-net_256x4.onnx,232,8,/gpfs/home2/jvrijn/code/hiwi_code/henba1_VERONA/VERONA/src/ada_verona/robustness_experiment_box/experiment/PGDattack_28-08-2025+18_57/tmp/mnist-net_256x4/image_232,0.0,0.05,0.0107975006103515,"AttackEstimationModule (PGDAttack (iterations=10, step_size=0.01, randomise=False))"
229,/gpfs/work2/0/prjs1681/models/testing/mnist-net_256x4.onnx,233,8,/gpfs/home2/jvrijn/code/hiwi_code/henba1_VERONA/VERONA/src/ada_verona/robustness_experiment_box/experiment/PGDattack_28-08-2025+18_57/tmp/mnist-net_256x4/image_233,0.0,0.05,0.0156450271606445,"AttackEstimationModule (PGDAttack (iterations=10, step_size=0.01, randomise=False))"
230,/gpfs/work2/0/prjs1681/models/testing/mnist-net_256x4.onnx,234,7,/gpfs/home2/jvrijn/code/hiwi_code/henba1_VERONA/VERONA/src/ada_verona/robustness_experiment_box/experiment/PGDattack_28-08-2025+18_57/tmp/mnist-net_256x4/image_234,0.0,0.05,0.0106124877929687,"AttackEstimationModule (PGDAttack (iterations=10, step_size=0.01, randomise=False))"
231,/gpfs/work2/0/prjs1681/models/testing/mnist-net_256x4.onnx,235,9,/gpfs/home2/jvrijn/code/hiwi_code/henba1_VERONA/VERONA/src/ada_verona/robustness_experiment_box/experiment/PGDattack_28-08-2025+18_57/tmp/mnist-net_256x4/image_235,0.05,0.05,0.01094651222229,"AttackEstimationModule (PGDAttack (iterations=10, step_size=0.01, randomise=False))"
232,/gpfs/work2/0/prjs1681/models/testing/mnist-net_256x4.onnx,236,2,/gpfs/home2/jvrijn/code/hiwi_code/henba1_VERONA/VERONA/src/ada_verona/robustness_experiment_box/experiment/PGDattack_28-08-2025+18_57/tmp/mnist-net_256x4/image_236,0.05,0.05,0.0107417106628417,"AttackEstimationModule (PGDAttack (iterations=10, step_size=0.01, randomise=False))"
233,/gpfs/work2/0/prjs1681/models/testing/mnist-net_256x4.onnx,237,2,/gpfs/home2/jvrijn/code/hiwi_code/henba1_VERONA/VERONA/src/ada_verona/robustness_experiment_box/experiment/PGDattack_28-08-2025+18_57/tmp/mnist-net_256x4/image_237,0.05,0.05,0.0106120109558105,"AttackEstimationModule (PGDAttack (iterations=10, step_size=0.01, randomise=False))"
234,/gpfs/work2/0/prjs1681/models/testing/mnist-net_256x4.onnx,238,4,/gpfs/home2/jvrijn/code/hiwi_code/henba1_VERONA/VERONA/src/ada_verona/robustness_experiment_box/experiment/PGDattack_28-08-2025+18_57/tmp/mnist-net_256x4/image_238,0.05,0.05,0.012714862823486328,"AttackEstimationModule (PGDAttack (iterations=10, step_size=0.01, randomise=False))"
